"ID","Player","Username","From","To","Tm","Lg","WS","G","GS","MP","PER","X3PAr","FTr","ORB.","DRB.","TRB.","AST.","STL.","BLK.","TOV.","USG.","ORtg","DRtg","OWS","DWS","WS_48","OBPM","DBPM","BPM","VORP","Olympics2016","OlympicsFinalist","AllStar","Pos","HighRated"
1,"LeBron James","jamesle01",2017,2018,"CLE","NBA",9.4,40,40,1666,31.3,0.247,0.419,3.6,22,12.9,40.8,2,2.4,13.6,33.5,123,108,7.4,2,0.271,9.6,3.2,12.9,6.3,0,1,1,"SF",2
2,"Kevin Durant","duranke01",2017,2019,"GSW","NBA",9,48,48,1782,26.2,0.321,0.389,1.9,18.3,10.5,20.6,1.1,2.8,10.6,30.5,122,106,6.4,2.6,0.242,5.3,1.3,6.6,3.9,1,1,1,"SF",3
3,"Stephen Curry","curryst01",2017,2019,"GSW","NBA",8.8,54,53,2002,23.8,0.552,0.304,2.8,14.9,9.1,25.6,2,0.8,12.3,29.5,120,108,6.3,2.5,0.21,6.9,0.6,7.5,4.8,0,1,1,"PG",2
4,"Kawhi Leonard","leonaka01",2017,2019,"TOT","NBA",7.7,36,36,1368,29,0.287,0.456,5.9,19.8,12.7,20.2,2.2,1.7,10.7,30.8,124,105,5.5,2.2,0.27,7.2,2.3,9.4,3.9,0,1,1,"SF",2
5,"Draymond Green","greendr01",2017,2019,"GSW","NBA",7.2,60,60,2263,16.8,0.368,0.321,5.3,23.3,14.7,27.9,2.2,3.6,21.5,16.3,113,103,2.9,4.2,0.152,0.9,5.7,6.6,4.9,1,1,0,"PF",2
6,"James Harden","hardeja01",2017,2019,"HOU","NBA",5.1,39,39,1452,24.5,0.491,0.399,2.3,14.7,8.6,36.9,2.9,1.6,14.7,36.4,110,106,3,2.1,0.169,6.3,1.7,8,3.7,0,1,1,"PG",2
7,"Kyle Lowry","lowryky01",2017,2019,"TOR","NBA",4.7,42,42,1562,16.5,0.503,0.299,1.9,11.8,6.8,29.5,1.9,0.7,15.4,19.1,117,110,3,1.6,0.144,2.9,0.7,3.6,2.2,1,1,1,"PG",3
8,"Chris Paul","paulch01",2017,2019,"TOT","NBA",4.5,33,33,1174,22.2,0.37,0.243,2.6,16.3,9.5,33.8,2.8,0.9,12.3,26.3,116,106,2.8,1.7,0.184,4.8,2.2,7,2.7,0,1,0,"PG",1
9,"Andre Iguodala","iguodan01",2017,2019,"GSW","NBA",3.8,52,27,1449,13.7,0.452,0.276,3.8,12.9,8.6,16.2,2,2.4,11.4,13.4,117,108,2,1.9,0.127,0.8,2.9,3.6,2.1,0,0,0,"SF",0
10,"Klay Thompson","thompkl01",2017,2019,"GSW","NBA",3.6,59,59,2208,12.9,0.448,0.112,1.8,9.8,6,7.9,1.3,1.1,8.6,21.4,107,111,1.5,2.1,0.078,0.3,-0.2,0.1,1.2,1,1,1,"SG",3
11,"George Hill","hillge01",2017,2019,"TOT","NBA",3.2,42,26,1233,13.7,0.375,0.331,3.3,8.2,5.7,14.4,1,1,9.3,16.2,120,112,2.2,0.9,0.124,1.2,-0.1,1.2,1,0,0,0,"PG",0
12,"P.J. Tucker","tuckepj01",2017,2019,"TOT","NBA",3.2,38,29,1246,11.8,0.653,0.2,5.3,17.5,11.4,6.2,1.4,1.7,10.1,10.7,123,109,1.8,1.4,0.123,0.4,2.5,2.9,1.5,0,0,0,"PF",0
13,"Kevin Love","loveke01",2017,2018,"CLE","NBA",3.1,39,39,1238,17.4,0.438,0.28,8.2,30.2,19.3,8.1,1.5,1.7,11.4,23.1,111,108,1.6,1.6,0.122,0,0.3,0.2,0.7,0,1,0,"PF",1
14,"Khris Middleton","middlkh01",2017,2019,"MIL","NBA",3,28,28,1021,16.4,0.389,0.238,1,15.5,8.4,19,1.4,0.4,11.5,21.7,113,107,1.6,1.4,0.142,2.1,0.3,2.4,1.1,0,1,1,"SF",2
15,"Kevon Looney","looneke01",2018,2019,"GSW","NBA",2.7,42,6,819,14.5,0.012,0.303,11.8,13.2,12.6,6.6,1.6,2.2,10.1,11.2,131,109,1.8,0.9,0.157,0.8,2.4,3.1,1.1,0,0,0,"C",0
16,"Terry Rozier","roziete01",2017,2019,"BOS","NBA",2.7,45,19,1135,15.1,0.538,0.226,2.4,15.9,9.1,22.7,1.8,0.9,8.6,19.7,111,108,1.4,1.4,0.114,1.1,1.4,2.5,1.3,0,0,0,"PG",0
17,"Jimmy Butler","butleji01",2017,2019,"TOT","NBA",2.6,23,23,830,19.8,0.246,0.396,4.7,14.4,9.7,21.2,1.9,1.5,9.4,23.6,117,110,1.8,0.8,0.152,2.6,1.3,3.9,1.2,1,1,0,"SF-SG",2
17,"Jimmy Butler","butleji01",2017,2019,"TOT","NBA",2.6,23,23,830,19.8,0.246,0.396,4.7,14.4,9.7,21.2,1.9,1.5,9.4,23.6,117,110,1.8,0.8,0.152,2.6,1.3,3.9,1.2,1,1,0,"SG",2
17,"Jimmy Butler","butleji01",2017,2019,"TOT","NBA",2.6,23,23,830,19.8,0.246,0.396,4.7,14.4,9.7,21.2,1.9,1.5,9.4,23.6,117,110,1.8,0.8,0.152,2.6,1.3,3.9,1.2,1,1,0,"SF",2
18,"Jaylen Brown","brownja02",2017,2019,"BOS","NBA",2.1,44,24,1072,14.2,0.413,0.231,3.5,14.7,9.1,8,1.2,1.2,9.8,22,107,109,0.8,1.2,0.092,-0.2,0.1,-0.1,0.5,0,1,0,"SG",1
19,"Derrick Favors","favorde01",2017,2019,"UTA","NBA",2.1,27,13,614,18.5,0.048,0.452,8.9,19.3,14,7.4,1.6,4.1,8.7,16,122,107,1.2,0.9,0.162,-0.1,4,3.9,0.9,0,0,0,"C",0
20,"Jayson Tatum","tatumja01",2018,2019,"BOS","NBA",2.1,28,28,978,15.4,0.273,0.365,1.9,14.1,8,12.3,1.7,1.6,12,22.8,106,106,0.7,1.4,0.105,-0.7,1.8,1.1,0.8,0,1,0,"SF",1
21,"LaMarcus Aldridge","aldrila01",2017,2019,"SAS","NBA",2,28,28,958,18.7,0.068,0.295,8.6,19.1,13.7,9.8,1,2.4,8.1,25.5,111,113,1.3,0.7,0.1,-0.2,0.7,0.4,0.6,0,1,1,"C",2
22,"John Wall","walljo01",2017,2018,"WAS","NBA",2,19,19,741,23.4,0.201,0.343,1.6,11.4,6.5,47.2,2.4,2.8,14.9,32.3,110,111,1.3,0.8,0.132,4.2,0.9,5.1,1.3,0,0,0,NA,0
23,"Jae Crowder","crowdja01",2017,2019,"TOT","NBA",1.8,34,23,1049,12.6,0.52,0.268,3,19,10.7,10.4,1.9,0.7,6.4,18,109,111,0.8,1,0.082,-0.8,0.9,0.2,0.6,0,0,0,"SF",0
24,"Eric Gordon","gordoer01",2017,2019,"HOU","NBA",1.8,39,15,1317,12.1,0.6,0.217,1.6,7.9,4.8,7.8,0.9,1.7,10.8,20.3,106,112,0.8,1,0.065,0,-0.7,-0.7,0.4,0,0,0,"SG",0
25,"JaVale McGee","mcgeeja01",2017,2018,"GSW","NBA",1.7,29,10,307,25.2,0.009,0.237,14.3,17.4,15.9,4.2,0.8,7.1,9.4,19.8,135,102,1.1,0.6,0.268,2.1,2.5,4.7,0.5,0,1,0,"C",1
26,"Paul Millsap","millspa01",2017,2019,"TOT","NBA",1.7,20,20,688,17,0.215,0.445,5.1,18.6,11.7,9.3,1.6,2.2,11.8,22,112,109,0.9,0.8,0.118,-0.4,1.6,1.1,0.5,0,0,0,"PF",0
27,"Otto Porter","porteot01",2017,2018,"WAS","NBA",1.7,18,18,586,15.6,0.34,0.287,3.2,19.7,11.4,7.6,2.3,1.8,7.1,13.5,125,109,1,0.7,0.142,0.8,1.9,2.7,0.7,0,0,0,NA,0
28,"Gordon Hayward","haywago01",2017,2019,"TOT","NBA",1.6,20,11,678,16.4,0.357,0.368,1.7,15.4,8.6,15.2,1.2,0.8,11.5,23.3,111,110,0.9,0.8,0.115,1.4,1.1,2.5,0.8,0,1,0,"PF",1
29,"Kyle Korver","korveky01",2017,2019,"TOT","NBA",1.6,44,11,861,10.7,0.803,0.153,1.2,10.6,5.9,5.4,1,1.5,8.3,14.1,118,114,1.2,0.5,0.09,0.9,-1,-0.2,0.4,0,0,0,"SG-PF",0
30,"Thaddeus Young","youngth01",2017,2019,"IND","NBA",1.6,15,15,507,17.6,0.135,0.213,12.3,15.2,13.7,11.2,3.1,2,10.5,15.6,116,105,0.8,0.8,0.149,0.9,4.7,5.6,1,0,0,0,"PF",0
31,"Trevor Ariza","arizatr01",2017,2018,"HOU","NBA",1.5,28,28,995,8.8,0.644,0.191,1.9,11.4,6.7,6.7,1.7,0.3,6.9,12.3,109,111,0.5,0.9,0.071,-0.7,1.2,0.5,0.6,0,0,0,"SF",0
32,"Bradley Beal","bealbr01",2017,2018,"WAS","NBA",1.5,19,19,721,17.7,0.398,0.229,2.7,7.6,5.2,12.2,1.9,1.2,9.4,26.8,111,114,1,0.5,0.102,2.8,-1.7,1,0.6,0,1,1,"SG",2
33,"Damian Lillard","lillada01",2017,2019,"POR","NBA",1.5,24,24,963,18.4,0.448,0.318,1.6,11,6.2,24.5,1.9,0.6,13.7,28.9,107,115,1.1,0.4,0.077,3.7,-0.9,2.8,1.1,0,1,1,"PG",2
34,"J.J. Redick","redicjj01",2017,2019,"TOT","NBA",1.5,29,29,924,10.2,0.608,0.265,0.5,4.9,2.7,8.5,0.6,0.4,11.8,18.3,111,113,0.9,0.6,0.076,1.1,-2.2,-1.1,0.2,0,0,0,"SG",0
35,"Anthony Davis","davisan02",2018,2018,"NOP","NBA",1.4,9,9,358,25.8,0.108,0.314,7.2,27.2,17.6,7,2.3,4.6,9,30.5,111,101,0.7,0.7,0.184,0.5,2.8,3.3,0.5,0,1,1,"C",2
36,"DeMar DeRozan","derozde01",2017,2019,"TOT","NBA",1.4,27,27,978,18.2,0.103,0.359,2.3,13.4,7.9,19.4,1.4,0.6,9.5,29.8,107,115,1,0.5,0.07,-0.4,-0.7,-1.1,0.2,1,1,0,"SG",2
37,"Brook Lopez","lopezbr01",2019,2019,"MIL","NBA",1.4,15,15,438,13.9,0.56,0.216,2.9,15.5,9.4,7.1,0.7,5.8,6.4,15.3,115,102,0.6,0.8,0.153,0.2,3.8,4,0.7,0,1,0,"C",1
38,"Marcus Morris","morrima03",2018,2019,"BOS","NBA",1.4,28,8,816,12.1,0.371,0.298,4.3,19.2,11.8,6.6,0.5,1.1,7.1,20.5,105,107,0.4,1,0.084,-1.9,0.2,-1.8,0.1,0,0,0,"PF",0
39,"Paul George","georgpa01",2017,2019,"TOT","NBA",1.2,15,15,627,17.7,0.456,0.372,2.6,17.5,10,16.6,1.7,1,13.7,28.8,107,112,0.7,0.5,0.089,1.6,-0.5,1.1,0.5,1,1,1,"SF",3
40,"CJ McCollum","mccolcj01",2017,2019,"POR","NBA",1.2,24,24,930,17.4,0.325,0.168,2.4,10.5,6.4,14.8,1.2,1.2,9,27.7,107,116,1,0.3,0.064,1.9,-1.6,0.2,0.5,0,0,0,"SG",0
41,"Larry Nance","nancela02",2018,2018,"CLE","NBA",1.2,20,0,307,20.3,0.017,0.517,13.3,21.8,17.4,9.3,2.7,4.2,14,12.9,130,105,0.8,0.5,0.193,1,3.7,4.8,0.5,0,0,0,"C",0
42,"J.R. Smith","smithjr01",2017,2018,"CLE","NBA",1.2,40,39,1193,8,0.699,0.115,1.5,8.5,5,4.6,1.5,0.7,9.4,12.7,108,114,0.6,0.7,0.049,0,-0.1,-0.2,0.6,0,0,0,NA,0
43,"Fred VanVleet","vanvlfr01",2017,2019,"TOR","NBA",1.2,37,1,735,10.5,0.612,0.182,1.2,7,4.1,16.2,1.3,0.8,10.1,15.9,109,111,0.6,0.7,0.08,-0.2,-0.5,-0.7,0.2,0,0,0,"PG",0
44,"Danny Green","greenda02",2017,2019,"TOT","NBA",1.1,45,45,1223,7.9,0.726,0.125,3.1,11.3,7.1,5.8,1.7,2.4,12.6,13.1,98,109,-0.3,1.4,0.044,-1.4,2.5,1.1,0.9,0,0,0,"SG",0
45,"Gary Harris","harriga01",2019,2019,"DEN","NBA",1.1,14,14,517,13.5,0.361,0.241,1.8,10.1,5.9,9.3,1.2,1.2,5.9,16,119,114,0.9,0.2,0.1,0.6,0.3,0.9,0.4,0,0,0,NA,0
46,"Tobias Harris","harrito02",2019,2019,"PHI","NBA",1.1,12,12,443,14.5,0.377,0.156,3.1,22.5,13.3,16.4,1.4,1.2,9.6,18.8,110,106,0.4,0.7,0.118,0.5,2.3,2.9,0.5,0,1,0,"PF",1
46,"Tobias Harris","harrito02",2019,2019,"PHI","NBA",1.1,12,12,443,14.5,0.377,0.156,3.1,22.5,13.3,16.4,1.4,1.2,9.6,18.8,110,106,0.4,0.7,0.118,0.5,2.3,2.9,0.5,0,1,0,"PF",1
46,"Tobias Harris","harrito02",2019,2019,"PHI","NBA",1.1,12,12,443,14.5,0.377,0.156,3.1,22.5,13.3,16.4,1.4,1.2,9.6,18.8,110,106,0.4,0.7,0.118,0.5,2.3,2.9,0.5,0,1,0,"PF",1
47,"Kyle Anderson","anderky01",2017,2018,"SAS","NBA",1,20,2,268,20.4,0.167,0.179,6.9,18.9,12.7,16.6,3.1,1.1,9.9,16.8,125,109,0.6,0.3,0.172,2.2,2.9,5,0.5,0,0,0,NA,0
48,"Jordan Bell","belljo01",2018,2019,"GSW","NBA",1,32,2,279,16.1,0.016,0.381,9.2,16.8,13.1,12.8,1.8,5.3,9.8,12.9,123,104,0.5,0.5,0.169,-1,4.5,3.5,0.4,0,0,0,"C",0
49,"Mike Conley","conlemi01",2017,2017,"MEM","NBA",1,6,6,224,27.4,0.369,0.359,0.6,11,5.8,38.5,2.5,1.2,9.1,29.4,125,118,0.9,0.1,0.204,9.9,-1.4,8.5,0.6,0,1,0,"PG",1
50,"Pat Connaughton","connapa01",2017,2019,"TOT","NBA",1,22,0,407,12.8,0.574,0.129,3.3,22,12.9,10.8,0.8,3.1,7.8,12.1,114,104,0.4,0.7,0.123,-0.8,2.9,2.1,0.4,0,0,0,"SG",0
51,"Jrue Holiday","holidjr01",2018,2018,"NOP","NBA",1,9,9,348,19.7,0.294,0.176,2.8,12.1,7.6,25.6,1.3,1.1,11.2,25.3,112,110,0.6,0.3,0.132,3.5,0.8,4.3,0.6,0,0,0,"SG",0
52,"Greg Monroe","monrogr01",2017,2019,"TOT","NBA",1,27,1,336,19.8,0.031,0.473,15.1,23,18.8,10,2.3,2.5,15.7,25.2,108,102,0.3,0.7,0.142,-1.7,2.4,0.7,0.2,0,0,0,NA,0
53,"Norman Powell","powelno01",2017,2019,"TOR","NBA",1,38,5,633,11.8,0.464,0.212,1.8,12.8,7.3,10.8,1.5,0.4,10.3,19.6,105,109,0.2,0.7,0.072,-1.1,0,-1,0.2,0,0,0,"SG",0
54,"Al-Farouq Aminu","aminual01",2017,2019,"POR","NBA",0.9,24,20,643,13.3,0.495,0.247,7.4,20,13.5,6.9,1.2,2.1,12.4,16.7,108,113,0.5,0.4,0.066,-0.1,0.7,0.6,0.4,0,0,0,"PF",0
55,"Patrick Beverley","beverpa01",2017,2019,"TOT","NBA",0.9,17,17,520,13.4,0.526,0.141,6.1,17.2,11.5,17.5,2.1,1.3,14.5,16,111,113,0.5,0.4,0.084,1.2,1.7,2.9,0.6,0,0,0,"PG",0
56,"Jerami Grant","grantje01",2017,2019,"OKC","NBA",0.9,16,5,420,13.4,0.321,0.292,5.3,12,8.6,5.2,0.9,3.1,9.8,13.6,119,113,0.6,0.3,0.102,-1,0.7,-0.4,0.2,0,0,0,"PF",0
57,"Maurice Harkless","harklma01",2017,2019,"POR","NBA",0.9,22,21,540,13.2,0.295,0.282,7.5,12,9.7,8.3,2.1,3.4,9.8,15.5,109,111,0.4,0.4,0.077,-0.2,2.4,2.2,0.6,0,0,0,"SF",0
58,"Markieff Morris","morrima02",2017,2019,"TOT","NBA",0.9,24,19,613,12.6,0.271,0.238,6.8,19.9,13.3,8.9,1.4,3.6,11.1,18.4,105,110,0.2,0.7,0.068,-2,1.6,-0.3,0.3,0,0,0,NA,0
59,"Domantas Sabonis","sabondo01",2017,2019,"TOT","NBA",0.9,13,0,268,17.5,0.128,0.383,9.2,18.6,13.6,13.6,0.9,1.5,9.8,21.2,115,106,0.5,0.4,0.16,-0.4,1.6,1.3,0.2,0,0,0,"C",0
60,"Eric Bledsoe","bledser01",2018,2019,"MIL","NBA",0.8,22,22,648,13.7,0.349,0.264,3.8,9.2,6.6,21.8,1.7,1.7,13.8,24,100,106,0,0.9,0.062,-0.6,0.2,-0.4,0.3,0,0,0,"PG",0
61,"Torrey Craig","craigto01",2019,2019,"DEN","NBA",0.8,14,11,330,12.2,0.522,0.232,6.6,16.5,11.5,5.1,1.1,1.2,7.3,11.1,127,113,0.6,0.2,0.114,0.3,0.6,1,0.2,0,0,0,"SF",0
62,"Patrick McCaw","mccawpa01",2017,2019,"TOT","NBA",0.8,32,3,245,13.2,0.491,0.309,6.1,10.8,8.6,10.5,2.6,1,6,11.7,127,106,0.4,0.4,0.165,0.6,2.1,2.7,0.3,0,0,0,NA,0
63,"Victor Oladipo","oladivi01",2017,2018,"TOT","NBA",0.8,12,12,442,15.8,0.436,0.25,1.3,21.3,11.4,19.1,2.8,1.4,12.6,24.8,102,106,0.1,0.7,0.086,-1.1,3.2,2,0.5,0,1,1,"SG",2
64,"Marcus Smart","smartma01",2017,2019,"BOS","NBA",0.8,35,7,1019,11.5,0.528,0.365,4.5,12.2,8.2,24.5,2.8,2.2,18.7,18.4,97,108,-0.5,1.3,0.037,-1.9,2.8,0.9,0.7,0,1,0,"SG",1
65,"Isaiah Thomas","thomais02",2017,2017,"BOS","NBA",0.8,15,15,521,18.1,0.414,0.425,1.1,9.8,5.3,33,1.3,0.3,13.9,31.3,110,118,0.7,0.1,0.077,2.2,-2.6,-0.3,0.2,0,0,0,NA,0
66,"Myles Turner","turnemy01",2017,2019,"IND","NBA",0.8,15,15,455,12.2,0.248,0.301,4.1,18.8,11.3,4.6,1,3.5,11.7,17.2,106,108,0.2,0.6,0.082,-3.2,2.4,-0.8,0.1,0,1,0,"C",1
67,"Russell Westbrook","westbru01",2017,2019,"OKC","NBA",0.8,16,16,626,21.3,0.295,0.321,4.5,25.6,14.9,46.1,2,0.7,14.8,39.1,101,108,0,0.8,0.06,3.6,2.7,6.3,1.3,0,1,1,"PG",2
68,"James Ennis","ennisja01",2017,2019,"TOT","NBA",0.7,17,4,391,11.3,0.5,0.324,7.3,12.5,10,7.4,1.2,1.2,12.7,15.5,113,113,0.4,0.3,0.081,1,0,0.9,0.3,0,0,0,NA,0
69,"DeAndre Jordan","jordade01",2017,2017,"LAC","NBA",0.7,7,7,264,17.3,0.016,0.918,11.7,37.6,24.3,3.2,0.6,2.2,16.6,18.7,113,107,0.3,0.4,0.128,-2,1.2,-0.8,0.1,1,0,0,"C",1
69,"DeAndre Jordan","jordade01",2017,2017,"LAC","NBA",0.7,7,7,264,17.3,0.016,0.918,11.7,37.6,24.3,3.2,0.6,2.2,16.6,18.7,113,107,0.3,0.4,0.128,-2,1.2,-0.8,0.1,1,0,0,"C",1
69,"DeAndre Jordan","jordade01",2017,2017,"LAC","NBA",0.7,7,7,264,17.3,0.016,0.918,11.7,37.6,24.3,3.2,0.6,2.2,16.6,18.7,113,107,0.3,0.4,0.128,-2,1.2,-0.8,0.1,1,0,0,"C",1
70,"Robin Lopez","lopezro01",2017,2017,"CHI","NBA",0.7,6,6,162,23.4,0,0.154,19.7,10.2,14.9,5.6,1,3.8,12.6,17.7,134,114,0.5,0.1,0.195,3.4,0.5,3.9,0.2,0,0,0,"C",0
71,"T.J. McConnell","mccontj01",2018,2019,"PHI","NBA",0.7,19,2,230,15.7,0.048,0.079,3.2,11.7,7.5,22.9,1.7,0.4,9.7,13.2,126,108,0.5,0.3,0.155,1,-0.5,0.4,0.1,0,0,0,"PG",0
72,"Mason Plumlee","plumlma01",2019,2019,"DEN","NBA",0.7,14,0,218,16.4,0.021,0.596,12.3,17.6,14.9,13.8,1.7,3.6,11.9,13.7,122,109,0.4,0.2,0.145,-0.3,3.4,3.1,0.3,0,1,0,"C",1
73,"Rajon Rondo","rondora01",2017,2018,"TOT","NBA",0.7,11,11,369,16.9,0.212,0.136,4.8,19.1,12.2,48,2.6,0.7,22.8,19,105,106,0.2,0.5,0.093,-0.2,2.8,2.6,0.4,0,0,0,NA,0
74,"Mike Scott","scottmi01",2018,2019,"TOT","NBA",0.7,16,0,319,12,0.511,0.091,3.7,15.3,9.7,4.2,0.8,0.3,11.6,14,120,112,0.5,0.2,0.106,0.9,-0.8,0.1,0.2,0,0,0,"PF",0
75,"Delon Wright","wrighde01",2017,2018,"TOR","NBA",0.7,19,0,307,17,0.318,0.271,2.8,11.3,6.9,18,3.1,2.6,12.8,16.3,117,111,0.5,0.3,0.117,0.6,2.1,2.6,0.4,0,0,0,"PG",0
76,"Ian Clark","clarkia01",2017,2018,"TOT","NBA",0.6,25,0,409,11,0.441,0.145,1.7,7.4,4.7,7.4,1.6,0.4,11.5,18.3,106,110,0.2,0.4,0.072,-0.8,-0.4,-1.2,0.1,0,0,0,"SG",0
77,"Gerald Green","greenge01",2017,2019,"TOT","NBA",0.6,41,7,561,10.7,0.709,0.102,1.6,15,8.2,3.2,0.9,1.7,8.5,18.8,105,112,0.2,0.4,0.055,-1.9,-2.3,-4.2,-0.3,0,0,0,"SG",0
78,"Jeff Green","greenje02",2018,2018,"CLE","NBA",0.6,22,2,523,10.3,0.493,0.324,1.6,10.7,6,9.4,0.7,2.6,9.5,15.9,107,113,0.3,0.3,0.053,-1.6,-0.5,-2.1,0,0,0,0,"PF",0
79,"Montrezl Harrell","harremo01",2017,2019,"TOT","NBA",0.6,11,0,179,23.6,0.015,0.485,7.7,16.8,12.1,15,0.8,1.9,11.1,20.8,133,121,0.7,-0.1,0.168,4.4,-0.7,3.7,0.3,0,1,0,"C",1
80,"Amir Johnson","johnsam01",2017,2019,"TOT","NBA",0.6,26,10,256,13.2,0.055,0.236,14.6,10.8,12.7,8.1,1.4,2.4,14.1,12.1,122,112,0.4,0.2,0.115,-0.6,0.7,0.1,0.1,0,0,0,NA,0
81,"Iman Shumpert","shumpim01",2017,2019,"TOT","NBA",0.6,25,0,384,8.5,0.558,0.244,2.2,15,8.9,6.2,1.4,0.7,8.6,12.1,112,112,0.3,0.3,0.077,-1.3,0.5,-0.8,0.1,0,0,0,"SG",0
82,"Ryan Anderson","anderry01",2017,2018,"HOU","NBA",0.5,22,9,431,8.2,0.67,0.143,4.9,12.6,8.8,4.4,0.8,0.6,9.2,13.4,106,112,0.1,0.4,0.056,-1.4,-0.4,-1.8,0,0,0,0,NA,0
83,"Malcolm Brogdon","brogdma01",2017,2019,"MIL","NBA",0.5,20,13,567,10.2,0.41,0.112,2.4,14.2,8.3,17.2,0.8,0.5,14.7,18.8,100,109,-0.1,0.7,0.046,-1.7,-0.2,-1.9,0,0,1,0,"SG",1
84,"Zach Collins","colliza01",2018,2019,"POR","NBA",0.5,20,0,345,13.9,0.315,0.261,5.8,15.8,10.7,8.8,1.4,5.8,15.1,18.3,106,110,0.2,0.3,0.075,-1.1,2.6,1.5,0.3,0,0,0,"C",0
85,"Rodney Hood","hoodro01",2017,2019,"TOT","NBA",0.5,44,1,910,9.6,0.406,0.24,2.1,10.2,6.1,7.7,0.9,0.7,8.1,18.6,102,115,0.1,0.4,0.025,-1.8,-1.3,-3.1,-0.3,0,0,0,"SG",0
86,"Meyers Leonard","leoname01",2017,2019,"POR","NBA",0.5,16,3,209,14.8,0.5,0.122,4,22.9,13.2,10.3,0.5,0.4,9.3,17.8,116,114,0.3,0.1,0.105,1.1,-1.4,-0.2,0.1,0,0,0,"C",0
87,"Tony Snell","snellto01",2017,2019,"MIL","NBA",0.5,22,8,347,7.5,0.73,0,1.3,8.6,4.9,5.8,0.7,1.6,6.3,10.8,109,110,0.2,0.4,0.07,-0.8,0.1,-0.7,0.1,0,0,0,"SF",0
88,"Lance Stephenson","stephla01",2017,2018,"IND","NBA",0.5,11,0,256,15.7,0.373,0.11,1.9,16.6,9.3,20.2,0.8,0.4,9.5,24.4,111,113,0.4,0.2,0.097,0.5,-0.3,0.2,0.1,0,0,0,"SG",0
89,"Jeff Teague","teaguje01",2017,2018,"TOT","NBA",0.5,9,9,295,15.7,0.365,0.365,1.1,10.6,5.9,27.6,1.2,1.7,16.5,20.2,115,119,0.5,0,0.083,1.5,-0.4,1.1,0.2,0,0,0,NA,0
90,"Lou Williams","willilo02",2017,2019,"TOT","NBA",0.5,17,0,448,16,0.257,0.315,3.1,8.3,5.7,23.2,1.3,0.4,11.2,27,107,118,0.4,0.1,0.054,0.5,-2.3,-1.8,0,0,0,0,"SG",0
91,"Jarrett Allen","allenja01",2019,2019,"BRK","NBA",0.4,5,5,110,22.5,0,0.625,13,19.3,15.9,15.9,1.3,2,16.4,18,130,115,0.4,0,0.182,2.6,1.5,4.1,0.2,0,0,0,"C",0
92,"D.J. Augustin","augusdj01",2019,2019,"ORL","NBA",0.4,5,5,141,16.7,0.512,0.39,0.7,5.8,3.1,25.5,0.7,0.7,12.7,17.3,126,116,0.4,0,0.138,3,-2.1,0.8,0.1,0,0,0,"PG",0
93,"Malik Beasley","beaslma01",2019,2019,"DEN","NBA",0.4,14,0,281,12.1,0.505,0.333,4,14.1,9,7.3,0.6,0.3,6.2,18,113,115,0.3,0.1,0.075,-0.5,-1.8,-2.3,0,0,0,0,"SG",0
94,"Corey Brewer","breweco01",2018,2018,"OKC","NBA",0.4,6,6,151,11.8,0.44,0.24,2.8,6.2,4.5,4.8,2.3,3,6.7,8.6,136,108,0.3,0.2,0.14,0.9,1.7,2.6,0.2,0,0,0,NA,0
95,"Sterling Brown","brownst02",2018,2019,"MIL","NBA",0.4,14,5,175,11.6,0.558,0.256,3.1,15,9.3,15,1.9,1.5,14.3,13.8,109,103,0.1,0.3,0.122,-0.9,2.1,1.3,0.1,0,0,0,NA,0
96,"Alec Burks","burksal01",2018,2018,"UTA","NBA",0.4,9,0,120,22.3,0.313,0.234,1.8,20,10.8,26.4,1.6,0.7,10.2,28.9,114,107,0.3,0.2,0.169,3.1,0.7,3.8,0.2,0,0,0,"SG",0
97,"Quinn Cook","cookqu01",2018,2019,"GSW","NBA",0.4,34,0,368,10.5,0.474,0.153,1.3,10.8,6.2,9,0.9,0.7,7,18.8,105,112,0.2,0.3,0.057,-1.9,-1.6,-3.5,-0.1,0,0,0,"PG",0
98,"Robert Covington","covinro01",2018,2018,"PHI","NBA",0.4,10,8,281,9.6,0.578,0.193,4.5,15.8,10.1,12.7,1.9,2.9,10.9,15.1,100,105,0,0.4,0.073,-0.6,1.7,1.1,0.2,0,0,0,NA,0
99,"Kenneth Faried","farieke01",2019,2019,"HOU","NBA",0.4,6,0,56,22.9,0.077,0.462,6.2,35.1,21.1,5.9,1.8,0,0,12.3,166,103,0.3,0.1,0.304,1.5,0.6,2.1,0.1,0,0,0,NA,0
100,"Raymond Felton","feltora01",2017,2019,"TOT","NBA",0.4,18,0,263,10.6,0.408,0.118,1.8,9.6,5.6,13,2.7,1,11.1,15.5,102,109,0,0.3,0.065,-1.4,1.3,-0.1,0.1,0,0,0,NA,0
101,"Dwight Howard","howardw01",2017,2017,"ATL","NBA",0.4,6,6,157,13.9,0,0.528,12.8,33,22.8,7.6,1.9,2.5,19.9,14.9,105,102,0,0.3,0.114,-3.9,5.3,1.4,0.1,0,1,0,"C",1
102,"James Johnson","johnsja01",2018,2018,"MIA","NBA",0.4,5,5,161,16.3,0.31,0.333,1.9,18,9.8,24.1,1.8,3.2,17.2,15.6,118,112,0.3,0.1,0.113,1.2,1.8,3,0.2,0,0,0,NA,0
103,"Caris LeVert","leverca01",2019,2019,"BRK","NBA",0.4,5,2,144,23.2,0.356,0.397,4,13.2,8.2,18.9,1.6,1,10.4,26.9,118,117,0.4,0,0.138,4.6,-1.3,3.3,0.2,0,0,0,NA,0
104,"C.J. Miles","milescj01",2017,2018,"TOT","NBA",0.4,14,3,309,12.2,0.642,0.189,3.8,8.8,6.3,4.4,1.5,1.1,9.7,16.6,117,119,0.5,0,0.066,1.5,-1.7,-0.2,0.1,0,0,0,NA,0
105,"Shabazz Napier","napiesh01",2017,2019,"TOT","NBA",0.4,9,0,110,21.1,0.488,0.439,2.6,10.4,6.2,26.8,2.6,0,10.9,20.8,128,116,0.4,0,0.17,5,-1.2,3.8,0.2,0,0,0,NA,0
106,"Royce O'Neale","onealro01",2018,2019,"UTA","NBA",0.4,16,5,396,9.3,0.505,0.228,1.3,15.4,8.2,9.1,1.5,1.5,19,15,100,109,0,0.4,0.05,-2.3,2.3,0,0.2,0,0,0,"SF",0
107,"Kelly Oubre","oubreke01",2017,2018,"WAS","NBA",0.4,18,1,332,10.1,0.45,0.257,3.5,14.5,9,3.5,2.4,2.1,9,17.5,103,110,0.1,0.3,0.057,-1.9,0.1,-1.8,0,0,0,0,"SF",0
108,"Jonathon Simmons","simmojo02",2017,2019,"TOT","NBA",0.4,22,4,358,13.2,0.283,0.211,3.4,8.4,5.9,14,1.4,0.6,8.6,24.3,105,115,0.2,0.2,0.052,-0.5,-1.7,-2.2,0,0,0,0,NA,0
109,"Taurean Waller-Prince","princta02",2017,2017,"ATL","NBA",0.4,6,6,187,11.9,0.269,0.096,4.2,15,9.6,6.8,0.5,0.4,11.4,13.9,117,111,0.2,0.2,0.105,-1.3,1.8,0.4,0.1,0,0,0,NA,0
110,"Derrick White","whitede01",2018,2019,"SAS","NBA",0.4,10,7,209,19,0.235,0.321,0.5,10.2,5.4,17.4,1.5,2.8,14,23.8,111,114,0.3,0.1,0.096,1.8,-0.1,1.7,0.2,0,1,0,"PG",1
111,"Tyler Zeller","zellety01",2017,2018,"TOT","NBA",0.4,18,3,144,14.7,0,0.4,8.1,18.5,13.5,11.6,1.4,3.1,12.4,12.9,125,111,0.3,0.1,0.138,-0.9,1.3,0.4,0.1,0,0,0,NA,0
112,"Trevor Booker","booketr01",2018,2018,"IND","NBA",0.3,7,0,64,13.3,0.1,0.7,9.9,23.8,17.2,0,0.8,1.7,7.1,10.4,143,104,0.2,0.1,0.206,-2.8,-0.5,-3.3,0,0,0,0,NA,0
113,"Seth Curry","curryse01",2019,2019,"POR","NBA",0.3,16,0,326,8.3,0.634,0.134,1.6,6.5,4.1,5.7,1.8,1,7.5,12.5,107,114,0.2,0.1,0.044,-0.3,0.1,-0.2,0.1,0,0,0,"SG",0
114,"Dewayne Dedmon","dedmode01",2017,2017,"SAS","NBA",0.3,12,3,97,21.7,0,1.391,24,32.3,28,4.6,1.1,3.1,17.7,20.6,119,109,0.2,0.1,0.17,-0.2,0,-0.1,0,0,0,0,"C",0
115,"Bryn Forbes","forbebr01",2017,2019,"SAS","NBA",0.3,17,7,339,8.9,0.521,0.234,0.6,10.4,5.5,5.1,0.2,0.5,4.6,14.7,111,118,0.3,0,0.039,-0.3,-1.7,-2,0,0,0,0,"SG",0
116,"Tim Frazier","fraziti01",2018,2019,"TOT","NBA",0.3,13,0,46,21.9,0.429,0.143,0,21.5,11.1,43.1,2.1,0,16.8,16.7,135,103,0.2,0.1,0.267,3.6,0.6,4.1,0.1,0,0,0,NA,0
117,"Blake Griffin","griffbl01",2017,2019,"TOT","NBA",0.3,5,5,157,22,0.211,0.156,4.6,18.4,11.1,25,1.3,0.6,11.1,31.3,109,115,0.2,0.1,0.091,3.6,-0.5,3,0.2,0,0,1,"PF",1
118,"Rondae Hollis-Jefferson","holliro01",2019,2019,"BRK","NBA",0.3,4,0,62,29.2,0.03,0.758,4.6,16.2,9.9,17.9,0.7,5.8,6.4,30.7,125,115,0.3,0,0.219,2.5,0.4,2.8,0.1,0,0,0,NA,0
119,"Shane Larkin","larkish01",2018,2018,"BOS","NBA",0.3,11,0,154,10.1,0.371,0.143,0.7,7.6,4.1,20.1,1.7,0,13.9,12.9,112,110,0.1,0.1,0.09,-2.5,-0.2,-2.6,0,0,0,0,NA,0
120,"Jabari Parker","parkeja01",2018,2018,"MIL","NBA",0.3,7,0,167,15.9,0.306,0.21,6.1,23.4,15.4,9.4,2.2,2.1,8.1,21.5,104,106,0.1,0.2,0.091,-0.5,-0.5,-1,0,0,0,0,"PF",0
121,"Bobby Portis","portibo01",2017,2017,"CHI","NBA",0.3,6,0,121,14.1,0.394,0,4.7,28.3,16.7,9.4,1.3,2.6,15.4,14.5,112,109,0.1,0.2,0.101,-2.2,1.8,-0.4,0.1,0,0,0,NA,0
122,"Andre Roberson","roberan03",2017,2017,"OKC","NBA",0.3,5,5,185,16.2,0.37,0.457,9.9,8,9,7.2,3.2,8.8,11.2,14.4,108,110,0.1,0.2,0.08,-1.3,5.5,4.3,0.3,0,0,0,NA,0
123,"Avery Bradley","bradlav01",2017,2017,"BOS","NBA",0.2,18,18,645,12,0.419,0.099,3.2,10,6.4,10.4,1.8,0.4,9.8,22.1,102,116,-0.1,0.3,0.016,-1.3,-1,-2.3,0,0,0,0,"SG",0
124,"Jamal Crawford","crawfja01",2017,2018,"TOT","NBA",0.2,12,0,319,12.5,0.323,0.192,1.1,6.8,4,13.1,1.5,0.3,9,22.9,103,115,0.1,0.2,0.033,-0.7,-1.1,-1.8,0,0,0,0,"SG",0
125,"Rudy Gay","gayru01",2018,2019,"SAS","NBA",0.2,12,4,339,13.5,0.274,0.193,7,18.5,12.6,11.1,1.7,1.4,9.8,22.1,99,112,-0.1,0.2,0.023,-1.4,1,-0.3,0.1,0,0,0,"PF",0
126,"Taj Gibson","gibsota01",2017,2018,"TOT","NBA",0.2,10,10,241,10.5,0,0.193,4.5,12.8,8.5,3.2,0.4,0.9,16.3,13.4,113,119,0.2,0,0.043,-2.9,-0.8,-3.8,-0.1,0,0,0,"PF",0
127,"Aaron Gordon","gordoaa01",2019,2019,"ORL","NBA",0.2,5,5,164,15.3,0.323,0.306,6.8,17.9,12,22.2,1.8,0.6,15.6,22.5,102,111,0,0.1,0.048,1.1,1.9,3.1,0.2,0,0,0,"PF",0
128,"JaMychal Green","greenja01",2017,2019,"TOT","NBA",0.2,12,5,259,11.1,0.494,0.165,3.9,20.4,11.9,4.3,0.7,0,15,17.3,111,122,0.2,-0.1,0.029,0.1,-2.9,-2.8,-0.1,0,0,0,"PF",0
129,"Andrew Harrison","harrian01",2017,2017,"MEM","NBA",0.2,6,0,119,13.8,0.448,0.31,4.3,7.6,6,18.2,1.4,0.8,8.3,15.1,126,121,0.3,0,0.099,3,-1.7,1.2,0.1,0,0,0,NA,0
130,"John Henson","hensojo01",2017,2018,"MIL","NBA",0.2,4,2,86,14,0,0.176,8.6,13.4,11.1,8.5,0.6,7.3,21.4,13.1,109,108,0.1,0.1,0.088,-2.1,2,-0.1,0,0,0,0,NA,0
131,"Tyler Johnson","johnsty01",2018,2018,"MIA","NBA",0.2,5,5,81,14.4,0.385,0.269,1.3,9.3,5.2,8.4,1.2,0,6.4,16.5,129,118,0.2,0,0.122,2.3,-2.8,-0.4,0,0,0,0,NA,0
132,"Ty Lawson","lawsoty01",2018,2018,"WAS","NBA",0.2,5,0,96,12.1,0.308,0.231,2.5,13.6,8.1,21.3,1.5,0,9.5,14.5,114,115,0.1,0,0.076,-0.2,-0.2,-0.5,0,0,0,0,NA,0
133,"James Michael McAdoo","mcadoja01",2017,2017,"GSW","NBA",0.2,13,0,56,16.5,0.294,0.353,10.3,14.4,12.5,0,1.7,2.9,4.8,15.8,126,105,0.1,0.1,0.182,-1.1,-1.7,-2.8,0,0,0,0,NA,0
134,"Alfonzo McKinnie","mckinal01",2019,2019,"GSW","NBA",0.2,22,1,235,7.5,0.542,0.169,8.6,15.7,12.2,2.3,0.4,0.4,8.6,12.8,108,116,0.1,0.1,0.04,-2,-2.4,-4.4,-0.1,0,0,0,"SF",0
135,"Darius Miller","milleda01",2018,2018,"NOP","NBA",0.2,9,0,162,8.6,0.706,0.176,1.3,11.2,6.4,8.4,1.4,0,14.1,11.3,109,111,0.1,0.1,0.067,-0.7,0.9,0.2,0.1,0,0,0,"SF",0
136,"E'Twaun Moore","mooreet01",2018,2018,"NOP","NBA",0.2,9,9,284,8.7,0.284,0.182,2.3,6,4.2,7.1,1,0.3,10.4,16,102,113,0,0.2,0.034,-1.6,0.2,-1.4,0,0,0,0,NA,0
137,"Dejounte Murray","murrade01",2017,2018,"SAS","NBA",0.2,16,7,264,14,0.098,0.37,3.3,18.3,10.4,20.8,4.1,1,16.4,21.7,97,107,-0.2,0.4,0.037,-2.8,3.5,0.8,0.2,0,0,0,NA,0
138,"Semi Ojeleye","ojelese01",2018,2019,"BOS","NBA",0.2,23,3,264,3.8,0.643,0.214,2.1,11,6.5,2.3,0.6,0,6.1,8.5,102,111,0,0.2,0.042,-4.2,0.1,-4.1,-0.1,0,0,0,NA,0
139,"Patrick Patterson","pattepa01",2017,2018,"TOT","NBA",0.2,16,1,243,7,0.714,0.143,0.9,13.7,7.4,13.8,1.7,0.8,16.8,10.2,96,111,-0.1,0.3,0.031,-3.3,1.7,-1.6,0,0,0,0,"PF",0
140,"Josh Richardson","richajo01",2018,2018,"MIA","NBA",0.2,5,5,130,12.8,0.475,0.175,3.2,9.1,6.1,16.6,4,3.3,10.4,15.9,103,110,0,0.1,0.057,-0.2,2.5,2.3,0.1,0,0,0,"SG",0
141,"Austin Rivers","riverau01",2017,2019,"TOT","NBA",0.2,13,2,305,6.8,0.545,0.091,1.2,9.8,5.5,6.1,1,0.6,12.4,15.5,100,112,0,0.2,0.033,-2.2,-0.4,-2.6,0,0,0,0,"SG",0
142,"Jason Smith","smithja02",2017,2018,"WAS","NBA",0.2,14,0,159,8.5,0.256,0.359,7.2,13.8,10.5,3.6,0.6,4,18.1,15,103,113,0,0.1,0.047,-3.5,0,-3.5,-0.1,0,0,0,NA,0
143,"Marreese Speights","speigma01",2017,2017,"LAC","NBA",0.2,7,2,98,15.1,0.541,0.27,5.1,21.3,13,5.1,1.1,2.9,6.8,21.8,111,108,0.1,0.1,0.115,0.2,0.2,0.4,0.1,0,0,0,NA,0
144,"Karl-Anthony Towns","townska01",2018,2018,"MIN","NBA",0.2,5,5,170,16.9,0.183,0.383,9.9,32.2,21.4,10.3,0.6,3.2,14.6,22,106,112,0.1,0.1,0.066,-1.2,2.4,1.3,0.1,0,0,1,"C",1
145,"Evan Turner","turneev01",2017,2019,"POR","NBA",0.2,23,7,456,9.9,0.205,0.295,4.8,20.8,12.6,18.6,1.4,1.1,17,14.3,98,113,-0.1,0.3,0.019,-3,1.8,-1.2,0.1,0,0,0,"PG",0
146,"Carmelo Anthony","anthoca01",2018,2018,"OKC","NBA",0.1,6,6,194,9.7,0.389,0.208,1.7,16.7,9.3,1.6,2.5,1.9,7.1,19.1,90,106,-0.2,0.3,0.018,-4,-0.8,-4.8,-0.1,1,0,0,"PF",1
147,"Bobby Brown","brownbo02",2017,2017,"HOU","NBA",0.1,5,0,22,31.7,0.55,0,0,9.6,4.9,14.4,0,0,0,39.9,117,116,0.1,0,0.158,10.2,-7.9,2.4,0,0,0,0,NA,0
148,"Isaiah Canaan","canaais01",2017,2017,"CHI","NBA",0.1,3,2,95,9.7,0.538,0.231,0,4.6,2.4,6.8,1.6,0,14.9,16,109,116,0.1,0,0.047,-1.5,-2,-3.5,0,0,0,0,NA,0
149,"DeMarre Carroll","carrode01",2017,2019,"TOT","NBA",0.1,15,10,274,8.2,0.613,0.227,3.9,15.8,9.7,3.9,2.2,1.7,8.8,14.5,94,112,-0.2,0.3,0.014,-3.4,1.3,-2.1,0,0,0,0,"PF",0
150,"Semaj Christon","chrisse01",2017,2017,"OKC","NBA",0.1,2,0,21,15.2,0.6,0,0,16.3,7.7,33.6,2.3,0,0,10.2,136,115,0,0,0.14,-1.3,-2,-3.3,0,0,0,0,NA,0
151,"Dante Cunningham","cunnida01",2019,2019,"SAS","NBA",0.1,5,0,13,29.5,0.667,0,16.7,32.9,24.9,0,0,0,0,10.7,195,113,0.1,0,0.315,6.8,-7.1,-0.3,0,0,0,0,"PF",0
152,"Ed Davis","davised01",2018,2019,"TOT","NBA",0.1,7,0,112,11.1,0,0.3,8,44.1,24.5,2.8,0,1.4,15,9.9,115,114,0.1,0.1,0.062,-6.1,-2.4,-8.5,-0.2,0,0,0,"C",0
153,"Sam Dekker","dekkesa01",2017,2017,"HOU","NBA",0.1,4,0,31,12.4,0.5,0,17.9,17,17.4,4.8,1.6,2.5,0,17,105,108,0,0,0.078,-1.3,-0.3,-1.6,0,0,0,0,NA,0
154,"Malcolm Delaney","delanma01",2017,2017,"ATL","NBA",0.1,1,0,3,105.5,0.333,0.667,0,37.5,18.7,0,0,0,0,54.8,210,107,0.1,0,1.801,35.2,-14.6,20.5,0,0,0,0,NA,0
155,"Tyreke Evans","evansty01",2019,2019,"IND","NBA",0.1,4,0,84,17,0.417,0.292,0,24.4,11,8,1.2,1.1,10,32.9,97,104,-0.1,0.1,0.045,-0.8,-1.7,-2.5,0,0,0,0,"SG",0
156,"Isaiah Hartenstein","harteis01",2019,2019,"HOU","NBA",0.1,2,0,2,98,0,0,58.2,0,28.2,0,0,0,0,43.9,205,116,0.1,0,1.594,35.9,-16.7,19.2,0,0,0,0,NA,0
157,"Solomon Hill","hillso01",2018,2018,"NOP","NBA",0.1,9,0,114,7.2,0.64,0.4,5.7,9.7,7.8,7.5,0.4,0.7,16.9,13.3,107,113,0.1,0.1,0.056,-1.1,0,-1.1,0,0,0,0,NA,0
158,"Wesley Iwundu","iwundwe01",2019,2019,"ORL","NBA",0.1,5,0,60,13,0.5,0.5,0,13.7,6.4,11.7,2.5,0,8.3,17.7,111,111,0.1,0.1,0.09,-0.8,0.5,-0.4,0,0,0,0,"SF",0
159,"Luke Kennard","kennalu01",2019,2019,"DET","NBA",0.1,4,2,133,13.9,0.319,0.128,0,14,6,8.7,1.1,0.7,5.7,16.6,115,122,0.2,-0.1,0.039,0,-2,-2,0,0,0,0,"SG",0
160,"Jake Layman","laymaja01",2017,2019,"POR","NBA",0.1,9,0,44,13.6,0.429,0.429,2.4,12.6,7.3,8.4,3.3,0,0,16.2,113,112,0,0,0.085,-0.5,-1.8,-2.2,0,0,0,0,"SF",0
161,"Sheldon Mac","mcclesh01",2017,2017,"WAS","NBA",0.1,7,0,17,22.3,0.556,0.222,0,13.6,6.8,0,0,0,9.2,27.6,124,117,0,0,0.155,2,-9.1,-7.1,0,0,0,0,NA,0
162,"Doug McDermott","mcderdo01",2017,2019,"TOT","NBA",0.1,8,0,95,10.2,0.714,0.143,3.1,8.6,5.7,8.3,0.5,2,3.3,14.3,109,116,0.1,0,0.046,-1.8,-1.7,-3.4,0,0,0,0,"SF",0
163,"Donovan Mitchell","mitchdo01",2018,2019,"UTA","NBA",0.1,16,16,604,13.6,0.346,0.214,2.8,13.3,8,19.1,1.9,0.8,12,31.9,95,109,-0.6,0.7,0.004,-1.6,0.5,-1.1,0.1,0,1,0,"SG",1
164,"Eric Moreland","moreler01",2019,2019,"TOR","NBA",0.1,8,0,28,8.7,0,0,3.9,47.3,25.6,14.4,0,0,0,3.2,153,100,0,0.1,0.172,-5,3.4,-1.5,0,0,0,0,NA,0
165,"Mike Muscala","muscami01",2017,2017,"ATL","NBA",0.1,6,0,81,6.2,0.222,0.444,8.3,13.9,11.1,3.4,0.6,3,4.4,11.8,101,109,0,0.1,0.055,-5.3,2.7,-2.5,0,0,0,0,"PF",0
166,"Georges Niang","niangge01",2019,2019,"UTA","NBA",0.1,5,0,55,11.2,0.591,0,0,27.8,13.4,16.3,0.9,2.1,8.3,18.6,99,108,0,0.1,0.047,-3,1.9,-1.1,0,0,0,0,NA,0
167,"Nerlens Noel","noelne01",2019,2019,"OKC","NBA",0.1,5,0,60,15.9,0,0.1,19.6,14.7,17.2,0,1.6,4.2,19.3,18.4,104,109,0,0.1,0.066,-4.6,-1.5,-6.1,-0.1,0,0,0,"C",0
168,"Glenn Robinson","robingl02",2017,2019,"TOT","NBA",0.1,8,0,73,14,0.455,0.273,2.4,14.5,8.1,6.2,1.3,0,3.9,15,118,120,0.1,0,0.062,0.5,-2.3,-1.8,0,0,0,0,NA,0
169,"Jerome Robinson","robinje01",2019,2019,"LAC","NBA",0.1,5,0,46,15.6,0.429,0.357,4.6,10.3,7.3,21.1,2,0,5.8,15.4,127,122,0.1,0,0.1,2.1,-2.1,0,0,0,0,0,NA,0
170,"Derrick Rose","rosede01",2018,2018,"MIN","NBA",0.1,5,0,119,16.6,0.175,0.123,0.9,7.1,4.1,19.9,0.8,0,11.8,26.1,109,120,0.1,0,0.044,1.5,-2.5,-1,0,0,0,0,NA,0
171,"Derrick Williams","willide02",2017,2017,"CLE","NBA",0.1,8,0,38,17.9,0.333,0.133,3.2,5.8,4.6,16.4,0,2.2,15.9,22.2,120,118,0.1,0,0.118,0.6,-2.8,-2.1,0,0,0,0,NA,0
172,"Robert Williams","williro04",2019,2019,"BOS","NBA",0.1,3,0,13,17.2,0,1,8.2,45,27.5,0,0,0,0,9.7,156,100,0,0,0.258,-5.3,-3.9,-9.2,0,0,0,0,NA,0
173,"Justise Winslow","winslju01",2018,2018,"MIA","NBA",0.1,5,0,125,12.1,0.452,0.405,5.8,22.4,13.9,16.2,1.5,2.7,13.9,19.8,100,111,0,0.1,0.037,-1.3,1.1,-0.2,0.1,0,0,0,"SF",0
174,"Jeff Withey","witheje01",2017,2017,"UTA","NBA",0.1,3,0,21,14.1,0,0.5,17.1,5.7,11.4,7.4,2.5,4.2,0,11.1,133,109,0,0,0.178,1,4.3,5.2,0,0,0,0,NA,0
175,"Nick Young","youngni01",2018,2018,"GSW","NBA",0.1,20,2,205,3.1,0.887,0.151,0.6,5.6,3.2,2.5,0.2,0,3.4,12.8,96,111,-0.1,0.2,0.021,-2.4,-1.8,-4.2,-0.1,0,0,0,NA,0
176,"Grayson Allen","allengr01",2019,2019,"UTA","NBA",0,2,0,14,10.5,0.429,1,0,7.8,3.8,0,0,0,0,30.6,100,117,0,0,0.003,-5.7,-7.6,-13.3,0,0,0,0,NA,0
177,"Lavoy Allen","allenla01",2017,2017,"IND","NBA",0,3,0,11,-2.6,NA,NA,0,21.7,10.7,0,0,0,100,4,0,123,0,0,-0.145,-11.7,-0.1,-11.8,0,0,0,0,NA,0
178,"Justin Anderson","anderju01",2018,2018,"PHI","NBA",0,7,0,33,2.5,0.875,0,3.2,26.3,14.6,0,1.5,0,20,12.7,83,105,0,0,0.014,-5.5,-4.2,-9.7,-0.1,0,0,0,NA,0
179,"Wade Baldwin","baldwwa01",2017,2018,"TOT","NBA",0,7,0,31,7.9,0.2,0.8,4.2,24.2,13.7,21.1,1.6,2.6,30.7,13.9,90,114,0,0,-0.015,-5.1,2,-3.1,0,0,0,0,NA,0
180,"Will Barton","bartowi01",2019,2019,"DEN","NBA",0,14,3,328,10.4,0.407,0.193,4.7,16.9,10.7,11,0.6,2.2,8.2,21.6,95,113,-0.2,0.2,-0.002,-3.4,-0.3,-3.8,-0.1,0,0,0,NA,0
181,"Jerryd Bayless","bayleje01",2018,2018,"PHI","NBA",0,1,0,2,0,NA,NA,0,0,0,0,0,0,NA,0,NA,115,0,0,0.013,-5.1,0.1,-5,0,0,0,0,NA,0
182,"Kent Bazemore","bazemke01",2017,2017,"ATL","NBA",0,6,0,150,9.4,0.453,0.264,3,14.3,8.6,20.8,1.3,2.7,21.3,21.2,92,108,-0.2,0.2,0.007,-3.6,3.1,-0.5,0.1,0,0,0,"SG",0
183,"Tarik Black","blackta01",2018,2018,"HOU","NBA",0,7,0,19,3.4,0,0,11.5,23.6,17.5,14.6,0,4.6,20,11.8,82,107,0,0,-0.015,-8,3.6,-4.4,0,0,0,0,NA,0
184,"Tony Bradley","bradlto01",2018,2018,"UTA","NBA",0,1,0,2,41.9,0,0,53.2,0,26.9,0,0,0,0,44.1,117,116,0,0,0.223,4.9,-15.4,-10.5,0,0,0,0,NA,0
185,"Aaron Brooks","brookaa01",2017,2018,"TOT","NBA",0,3,0,10,24.8,0.5,0.333,0,11.9,5.9,17.9,0,0,12.7,35.2,106,124,0,0,0.016,3.6,-7.3,-3.7,0,0,0,0,NA,0
186,"Lorenzo Brown","brownlo01",2018,2018,"TOR","NBA",0,4,0,29,7.2,0.5,0.2,4.1,21.6,12.7,9.9,0,2.7,8.4,18.6,91,118,0,0,-0.045,-4.3,-1.6,-5.9,0,0,0,0,NA,0
187,"Trey Burke","burketr01",2017,2017,"WAS","NBA",0,3,0,20,-1.6,0.5,0,0,0,0,30.2,0,0,0,8.6,64,120,0,0,-0.108,-10.3,-9.2,-19.4,-0.1,0,0,0,NA,0
188,"Deonte Burton","burtode02",2019,2019,"OKC","NBA",0,3,0,4,-7.2,0.4,0,26.7,27.5,27.1,0,0,0,0,53.4,57,113,-0.1,0,-0.591,-22,-18.3,-40.3,0,0,0,0,NA,0
189,"Vince Carter","cartevi01",2017,2017,"MEM","NBA",0,6,6,195,8.1,0.476,0.167,2.6,10.6,6.6,7.6,0.6,0,18.2,14.2,106,123,0.1,-0.1,-0.001,0,-1.7,-1.7,0,0,0,0,"PF",0
190,"Gary Clark","clarkga01",2019,2019,"HOU","NBA",0,2,0,4,3,NA,NA,0,27.3,14.1,0,0,0,NA,0,NA,110,0,0,0.048,-8.2,-0.1,-8.3,0,0,0,0,NA,0
191,"Jordan Crawford","crawfjo02",2018,2018,"NOP","NBA",0,2,0,15,34.7,0.615,0,0,26.8,13.9,18.5,3.1,0,18.8,45.6,99,103,0,0,0.071,9.5,-0.9,8.5,0,0,0,0,NA,0
192,"Troy Daniels","danietr01",2017,2017,"MEM","NBA",0,6,0,68,4.7,1,0,1.9,7.6,4.8,4.4,1.6,0,18.2,8.1,92,122,0,0,-0.033,-1.5,-0.9,-2.3,0,0,0,0,NA,0
193,"Deyonta Davis","davisde01",2017,2017,"MEM","NBA",0,3,0,11,27.7,0,0.4,23.5,35.4,29.4,0,0,0,0,26.8,130,118,0,0,0.215,0.2,-11.8,-11.6,0,0,0,0,NA,0
194,"Spencer Dinwiddie","dinwisp01",2019,2019,"BRK","NBA",0,5,0,131,12.4,0.387,0.226,2.9,7.7,5.1,10.3,0.7,0,10.5,23.6,103,121,0,-0.1,-0.001,-0.7,-3.4,-4.1,-0.1,0,0,0,"PG",0
195,"Jared Dudley","dudleja01",2019,2019,"BRK","NBA",0,4,2,82,4.7,0.818,0.364,0,2.7,1.3,17.6,1.7,0.9,23.9,8.3,98,120,0,0,-0.018,-3.5,-1.7,-5.2,-0.1,0,0,0,NA,0
196,"Jacob Evans","evansja02",2019,2019,"GSW","NBA",0,7,0,18,0.4,0.4,0,0,6.2,3.2,7.5,0,0,28.6,16.9,74,120,0,0,-0.133,-7.6,-3.4,-11,0,0,0,0,NA,0
197,"Terrance Ferguson","fergute01",2018,2019,"OKC","NBA",0,8,5,134,3.8,0.731,0,2.4,8.2,5.2,7.5,0.7,0,16.1,9.9,101,116,0,0,0.013,-2.9,0,-2.9,0,0,0,0,"SG",0
198,"Melvin Frazier","frazime01",2019,2019,"ORL","NBA",0,3,0,15,13.5,0,0.4,6.8,23.5,14.5,0,3.3,0,0,17.4,95,107,0,0,0.036,-7.2,-2,-9.2,0,0,0,0,NA,0
199,"Markelle Fultz","fultzma01",2018,2018,"PHI","NBA",0,3,0,23,5.7,0,0.571,0,14.2,7,28.8,4.3,0,10.2,17.8,83,102,0,0,-0.003,-6.2,0.7,-5.5,0,0,0,0,NA,0
200,"Marcus Georges-Hunt","georgma01",2018,2018,"MIN","NBA",0,2,0,3,0,0,0,37.4,0,18.1,0,0,0,0,15.2,66,124,0,0,-0.223,-7.8,-6.1,-13.9,0,0,0,0,NA,0
201,"Spencer Hawes","hawessp01",2017,2017,"MIL","NBA",0,3,0,17,10.2,0.4,0,13.2,15.3,14.1,9.7,0,5.7,16.7,16.8,101,106,0,0,0.074,-3.2,3,-0.2,0,0,0,0,NA,0
202,"Aaron Holiday","holidaa01",2019,2019,"IND","NBA",0,3,0,13,-1.3,0.4,0,0,0,0,0,0,0,16.7,21.2,76,112,0,0,-0.103,-7.6,-3.4,-11,0,0,0,0,NA,0
203,"Richaun Holmes","holmeri01",2018,2018,"PHI","NBA",0,3,0,11,-4.1,0,0,0,9.9,4.9,11.4,0,0,0,3.8,56,112,0,0,-0.02,-7.1,-0.6,-7.7,0,0,0,0,"C",0
204,"Danuel House","houseda01",2019,2019,"HOU","NBA",0,7,0,141,4,0.838,0.216,1.7,15.5,8.8,1,1.1,1.3,9,13.9,84,110,-0.2,0.1,-0.013,-4.5,-1,-5.5,-0.1,0,0,0,NA,0
205,"Josh Huestis","huestjo01",2018,2018,"OKC","NBA",0,4,0,19,8,0,1,0,16.5,8.3,0,2.6,4.8,0,6.6,109,103,0,0,0.098,-5.3,1.8,-3.5,0,0,0,0,NA,0
206,"Aaron Jackson","jacksaa01",2018,2018,"HOU","NBA",0,7,0,17,8.7,0.5,0.5,12.9,13.2,13,17.9,0,0,29.1,18.1,97,114,0,0,0.002,-3.1,-1.1,-4.3,0,0,0,0,NA,0
207,"Brandon Jennings","jennibr01",2017,2018,"TOT","NBA",0,14,0,183,6.5,0.395,0.263,3.1,8.9,6,17.5,0.5,0,17.5,12.2,101,117,0,0.1,0.011,-3.4,-2.1,-5.5,-0.2,0,0,0,NA,0
208,"Dakari Johnson","johnsda04",2018,2018,"OKC","NBA",0,2,0,3,0,NA,NA,0,0,0,0,0,0,NA,0,NA,118,0,0,-0.001,-5.5,0,-5.5,0,0,0,0,NA,0
209,"Joe Johnson","johnsjo02",2017,2018,"TOT","NBA",0,19,2,380,10.6,0.32,0.1,2.5,14.1,8.2,13.8,0.8,0.5,9.3,21.5,97,114,-0.2,0.3,0.006,-2.3,0.1,-2.2,0,0,0,0,NA,0
210,"Wesley Johnson","johnswe01",2017,2017,"LAC","NBA",0,3,0,11,6.7,NA,NA,0,23.8,11.6,0,4.9,0,0,3.9,123,102,0,0,0.124,-4.6,3.6,-1,0,0,0,0,NA,0
211,"Damian Jones","jonesda03",2017,2019,"GSW","NBA",0,12,1,40,8.3,0,0.7,14.5,15.9,15.1,0,2.4,2,23.4,18.6,95,104,0,0.1,0.045,-6.5,-1.7,-8.3,-0.1,0,0,0,NA,0
212,"Tyus Jones","jonesty01",2018,2018,"MIN","NBA",0,4,0,55,6.1,0.286,0,0,17.2,8.9,19.3,0.9,0,12.5,6.6,91,118,0,0,-0.021,-4.4,1.7,-2.7,0,0,0,0,"PG",0
213,"Jon Leuer","leuerjo01",2019,2019,"DET","NBA",0,1,0,5,0.5,0,0.5,0,0,0,0,0,0,0,20.5,77,127,0,0,-0.175,-7.8,-6.4,-14.2,0,0,0,0,NA,0
214,"Shelvin Mack","macksh01",2017,2017,"UTA","NBA",0,9,3,155,9.7,0.306,0.306,2.3,17.1,9.7,18.4,1.3,0,13.9,19.9,98,113,-0.1,0.1,0.014,-3.1,0.8,-2.3,0,0,0,0,NA,0
215,"Jarell Martin","martija01",2017,2019,"TOT","NBA",0,6,0,28,15.8,0.583,0.167,12.9,13.5,13.1,8,2,3.3,0,21,104,112,0,0,0.059,1.3,-2,-0.7,0,0,0,0,NA,0
216,"Rodney McGruder","mcgruro01",2018,2018,"MIA","NBA",0,4,0,16,-2.9,0.5,0,0,26.9,13.2,0,0,0,0,10.8,53,115,0,0,-0.109,-10.5,-4.9,-15.4,-0.1,0,0,0,"SG",0
217,"Jordan Mickey","mickejo01",2017,2017,"BOS","NBA",0,2,0,18,1.8,0,0,0,33.7,16.3,0,0,4.8,16.7,15.1,64,111,-0.1,0,-0.093,-14.7,-2.2,-16.9,-0.1,0,0,0,NA,0
218,"Malcolm Miller","millema01",2019,2019,"TOR","NBA",0,10,0,28,4,0.75,0.5,0,19.7,9.9,5.1,0,3.5,9.3,17.4,83,106,0,0,-0.016,-6.5,-0.1,-6.6,0,0,0,0,NA,0
219,"Monte Morris","morrimo01",2019,2019,"DEN","NBA",0,14,0,224,9.9,0.151,0.151,1.4,7.6,4.5,24.3,1.2,0.3,6.1,19.4,98,116,-0.1,0.1,0.001,-3.8,-2.1,-5.9,-0.2,0,0,0,"PG",0
220,"Shabazz Muhammad","muhamsh01",2018,2018,"MIL","NBA",0,4,0,29,23.3,0.25,0.25,0,15.4,8.2,0,3.6,3.1,8.3,40.6,95,104,0,0,0.025,-3.9,-7.7,-11.5,-0.1,0,0,0,NA,0
221,"Kyle O'Quinn","oquinky01",2019,2019,"IND","NBA",0,1,0,2,-27.5,NA,NA,0,0,0,0,0,0,100,23,0,113,0,0,-0.688,-29.4,2.8,-26.6,0,0,0,0,NA,0
222,"Daniel Ochefu","ochefda01",2017,2017,"WAS","NBA",0,4,0,5,-19.4,0,0,0,23.2,11.6,0,0,0,50,17.2,0,114,-0.1,0,-0.454,-22.6,-3.3,-25.9,0,0,0,0,NA,0
223,"Emeka Okafor","okafoem01",2018,2018,"NOP","NBA",0,1,0,4,-13.8,0,0,0,0,0,0,0,0,0,10.7,0,116,0,0,-0.263,-13.2,-1.1,-14.3,0,0,0,0,NA,0
224,"Chinanu Onuaku","onuakch01",2018,2018,"HOU","NBA",0,1,0,3,38.2,NA,NA,36.5,0,18.5,43,16.7,0,NA,0,233,79,0,0,0.578,12.3,15.2,27.5,0,0,0,0,NA,0
225,"Brandon Paul","paulbr01",2018,2018,"SAS","NBA",0,1,0,3,15.5,NA,NA,0,40.4,18.8,46.2,0,0,NA,0,224,111,0,0,0.168,-5.3,2.1,-3.1,0,0,0,0,NA,0
226,"Cameron Payne","payneca01",2017,2017,"CHI","NBA",0,1,0,4,12.8,0.5,0,0,27.6,14,0,0,0,33.3,33.8,83,114,0,0,-0.132,-8,-8.4,-16.4,0,0,0,0,NA,0
227,"Theo Pinson","pinsoth01",2019,2019,"BRK","NBA",0,3,0,22,16.5,0.875,0,0,15.2,7,20.5,4.2,0,11.1,16.6,113,112,0,0,0.092,2,0.4,2.3,0,0,0,0,NA,0
228,"Quincy Pondexter","pondequ01",2019,2019,"SAS","NBA",0,5,0,12,1.3,0.5,0,0,8.9,4.5,20.3,4.4,0,0,7.7,52,110,0,0,-0.068,-5.7,2.2,-3.5,0,0,0,0,NA,0
229,"Tim Quarterman","quartti01",2017,2017,"POR","NBA",0,2,0,7,14.6,1,0,0,0,0,23.9,0,0,0,11.9,163,124,0,0,0.184,4,-8.3,-4.4,0,0,0,0,NA,0
230,"Terrence Ross","rosste01",2019,2019,"ORL","NBA",0,5,0,146,11.2,0.648,0.315,0.7,13.7,6.7,9,2.1,1.3,14,21.7,96,111,-0.1,0.1,0.016,-0.8,0.7,-0.1,0.1,0,0,0,"SG",0
231,"Kyle Singler","singlky01",2017,2017,"OKC","NBA",0,1,0,10,-6,0,0,0,11.4,5.4,0,0,0,0,4.3,0,121,0,0,-0.103,-12.1,-1.9,-14,0,0,0,0,NA,0
232,"Zhaire Smith","smithzh01",2019,2019,"PHI","NBA",0,2,0,5,10.5,NA,NA,0,0,0,0,9.7,0,NA,0,NA,94,0,0,0.136,-1.6,10.2,8.6,0,0,0,0,NA,0
233,"David Stockton","stockda01",2018,2018,"UTA","NBA",0,2,0,6,-0.7,0.333,0,0,18.1,9,0,0,0,0,22.1,70,112,0,0,-0.136,-10.9,-5.8,-16.7,0,0,0,0,NA,0
234,"Edmond Sumner","sumneed01",2019,2019,"IND","NBA",0,1,0,2,12.5,NA,NA,0,100,54.5,0,0,0,NA,0,NA,87,0,0,0.175,-18.7,-1.8,-20.5,0,0,0,0,NA,0
235,"Caleb Swanigan","swanica01",2018,2018,"POR","NBA",0,1,0,8,2.6,0.5,2,0,30.2,13.8,14.5,0,0,21,25.4,79,119,0,0,-0.162,-8.3,-2.8,-11.1,0,0,0,0,NA,0
236,"Isaiah Taylor","taylois01",2017,2017,"HOU","NBA",0,3,0,10,-1.2,0.5,0,11.1,10.5,10.8,13,0,0,0,8.8,62,115,0,0,-0.09,-6.6,-0.1,-6.7,0,0,0,0,NA,0
237,"Garrett Temple","templga01",2019,2019,"LAC","NBA",0,6,0,63,5.3,0.636,0.909,1.7,11.3,6.2,4.1,2.2,1.3,11.5,11.3,94,121,0,0,-0.037,-3.2,-0.3,-3.5,0,0,0,0,"SG",0
238,"Khyri Thomas","thomakh01",2019,2019,"DET","NBA",0,3,0,15,30.4,0.333,0.083,0,15.5,6.7,0,6.3,0,0,34.8,107,111,0,0,0.094,2.9,-5.8,-2.9,0,0,0,0,NA,0
239,"Sindarius Thornwell","thornsi01",2019,2019,"LAC","NBA",0,4,0,12,9,0.5,0,0,39.5,18.6,0,3.9,0,0,20.5,84,111,0,0,-0.044,-7.8,-5.4,-13.1,0,0,0,0,"SG",0
240,"Ekpe Udoh","udohek01",2018,2019,"UTA","NBA",0,8,0,27,0.9,0,2,3.9,8.1,6,0,0,6.5,21,7.7,47,110,-0.1,0,-0.072,-9.6,3.1,-6.5,0,0,0,0,NA,0
241,"Denzel Valentine","valende01",2017,2017,"CHI","NBA",0,4,0,22,6.2,0.667,0,0,40.1,20.4,13.6,0,4.7,25,16.4,75,108,-0.1,0,-0.053,-8.9,2.4,-6.5,0,0,0,0,NA,0
242,"Jarred Vanderbilt","vandeja01",2019,2019,"DEN","NBA",0,3,0,5,11.3,NA,NA,0,21.4,10.5,0,0,15.7,NA,0,NA,103,0,0,0.086,-9.2,9.1,-0.1,0,0,0,0,NA,0
243,"Rashad Vaughn","vaughra01",2017,2017,"MIL","NBA",0,3,0,10,18.8,0.5,0,0,0,0,0,0,0,0,19.1,134,113,0,0,0.174,3.4,-4.3,-0.9,0,0,0,0,NA,0
244,"Noah Vonleh","vonleno01",2017,2017,"POR","NBA",0,4,2,100,7.9,0,0.278,8.9,22.9,15.4,12.1,0.5,2.6,22.9,10.9,94,117,-0.1,0,-0.013,-4.4,3.4,-1,0,0,0,0,"PF",0
245,"Lonnie Walker","walkelo01",2019,2019,"SAS","NBA",0,6,0,21,8.7,0.125,0,0,10.2,5.1,21.1,0,0,0,17.6,95,119,0,0,-0.034,-3.8,-3.3,-7.1,0,0,0,0,NA,0
246,"Tyrone Wallace","wallaty01",2019,2019,"LAC","NBA",0,2,0,11,4.3,0,0.75,0,10.8,5.1,36.9,0,0,15.8,23.6,88,127,0,0,-0.141,-7.4,-5.2,-12.6,0,0,0,0,"PG",0
247,"Brad Wanamaker","wanambr01",2019,2019,"BOS","NBA",0,4,0,17,17.7,0.143,0.571,0,5.7,3,31.1,2.8,0,18.6,27.7,103,104,0,0,0.097,-1.6,-1.2,-2.8,0,0,0,0,NA,0
248,"D.J. Wilson","wilsodj01",2019,2019,"MIL","NBA",0,8,0,43,6.6,0.313,0.125,2.4,20.2,11.7,14.7,0,2.1,29.3,23.8,84,105,-0.1,0.1,-0.036,-6.6,0.7,-5.9,0,0,0,0,NA,0
249,"Kyle Wiltjer","wiltjky01",2017,2017,"HOU","NBA",0,1,0,5,26.1,1,0,0,0,0,0,0,0,0,8.8,300,119,0,0,0.247,11.6,-4.4,7.2,0,0,0,0,NA,0
250,"Brandan Wright","wrighbr03",2017,2017,"MEM","NBA",0,2,0,12,11.4,0,0,10.8,10.8,10.8,0,0,15.3,16.7,25.1,75,114,0,0,-0.151,-11.1,1.2,-9.9,0,0,0,0,NA,0
251,"James Young","youngja01",2017,2017,"BOS","NBA",0,10,0,39,9.1,0.933,0,2.9,18.6,10.5,11.5,0,0,6.3,18.6,103,118,0,0,0.014,-1.4,-3.6,-5,0,0,0,0,NA,0
252,"Joe Young","youngjo01",2018,2018,"IND","NBA",0,1,0,3,-5.8,NA,NA,0,0,0,0,0,0,NA,0,NA,113,0,0,0.024,-5.8,3.3,-2.5,0,0,0,0,NA,0
253,"Bam Adebayo","adebaba01",2018,2018,"MIA","NBA",-0.1,5,0,77,6.1,0.067,0.933,12.1,15.4,13.7,0,0,2.2,8.6,13,91,117,-0.1,0,-0.036,-6.5,-4,-10.5,-0.2,0,1,0,"C",1
254,"Michael Beasley","beaslmi01",2017,2017,"MIL","NBA",-0.1,4,0,48,3.3,0.25,0.2,4.7,18.9,11.3,3.6,1.1,2,8.4,23.6,76,105,-0.2,0.1,-0.083,-9.1,-0.5,-9.5,-0.1,0,0,0,NA,0
255,"Bruce Brown","brownbr01",2019,2019,"DET","NBA",-0.1,4,2,57,4.6,0.357,0.143,1.6,14.3,7.1,5.1,1.7,1.6,11.8,12.4,85,120,-0.1,0,-0.063,-5.8,-0.3,-6,-0.1,0,0,0,"SG",0
256,"Wilson Chandler","chandwi01",2019,2019,"LAC","NBA",-0.1,4,0,52,2.6,0.625,0.25,0,13.7,6.4,5.2,1.8,0,14.5,16.4,80,122,-0.1,0,-0.116,-5.1,-2.2,-7.4,-0.1,0,0,0,NA,0
257,"DeMarcus Cousins","couside01",2019,2019,"GSW","NBA",-0.1,8,5,133,11,0.226,0.472,8,25.2,16.9,20.7,1.8,4.4,22.9,27.1,90,107,-0.2,0.2,-0.023,-5.3,3,-2.2,0,1,0,0,"C",1
258,"Allen Crabbe","crabbal01",2017,2017,"POR","NBA",-0.1,4,0,92,3.7,0.542,0.125,0,14.9,6.9,3.4,0.5,0,3.8,11.9,90,121,-0.1,0,-0.043,-4.2,-0.6,-4.8,-0.1,0,0,0,NA,0
259,"Andre Drummond","drumman01",2019,2019,"DET","NBA",-0.1,4,4,127,15.6,0.019,0.389,13.9,29.3,20.6,12,2.2,3.6,14.8,24.5,92,114,-0.2,0.1,-0.042,-3.9,1.9,-2,0,0,1,0,"C",1
260,"Langston Galloway","gallola01",2019,2019,"DET","NBA",-0.1,4,0,110,6.7,0.735,0,1.6,13.8,6.9,5.3,0.9,3.3,5.6,13.7,92,121,-0.1,0,-0.048,-3,-0.5,-3.5,0,0,0,0,"SG",0
261,"Treveon Graham","grahatr01",2019,2019,"BRK","NBA",-0.1,5,0,79,0.6,0.7,0.6,3.6,11.3,7.2,4.9,1.2,0.9,19.2,8,68,119,-0.1,0,-0.083,-5.6,0.9,-4.7,-0.1,0,0,0,NA,0
262,"Jonathan Isaac","isaacjo01",2019,2019,"ORL","NBA",-0.1,5,5,137,6.2,0.5,0.2,7.4,18,12.3,2.5,0.7,3.4,10.3,15.7,82,111,-0.2,0.1,-0.043,-5.8,1.3,-4.5,-0.1,0,0,0,"PF",0
263,"DeAndre Liggins","liggide01",2018,2018,"NOP","NBA",-0.1,3,0,14,-7.7,0,2,0,7.2,3.7,0,0,0,51.5,11.8,26,115,-0.1,0,-0.237,-13.3,-0.3,-13.6,0,0,0,0,NA,0
264,"Jeremy Lin","linje01",2019,2019,"TOR","NBA",-0.1,8,0,27,1,0.222,0.444,0,12.3,6.1,21,1.9,0,31.7,26.4,70,106,-0.1,0,-0.169,-11.4,-0.4,-11.8,-0.1,0,0,0,"PG",0
265,"Wesley Matthews","matthwe02",2019,2019,"IND","NBA",-0.1,4,4,119,3.6,0.7,0.1,0,10.1,4.6,10.8,1.3,0.8,20.3,15.2,77,107,-0.3,0.2,-0.04,-5.7,1.3,-4.4,-0.1,0,0,0,"SF-SG",0
266,"Jodie Meeks","meeksjo01",2019,2019,"TOR","NBA",-0.1,14,0,66,3.1,0.448,0.103,0,15.1,7.5,2.4,3,1.5,9,22.8,68,102,-0.3,0.1,-0.1,-9,-0.1,-9.2,-0.1,0,0,0,NA,0
267,"Wayne Selden","seldewa01",2017,2017,"MEM","NBA",-0.1,6,2,106,5.6,0.423,0.154,3.7,7.3,5.5,10.6,0.5,0.9,6.7,14.1,95,124,-0.1,0,-0.048,-2.3,-2.1,-4.4,-0.1,0,0,0,"SG",0
268,"Landry Shamet","shamela01",2019,2019,"LAC","NBA",-0.1,6,6,174,6.4,0.816,0.263,0.6,7.5,3.8,7.6,1.6,0,14.2,11.7,103,124,0,-0.1,-0.026,-0.7,-1.5,-2.2,0,0,0,0,"SG",0
269,"Anfernee Simons","simonan01",2019,2019,"POR","NBA",-0.1,5,0,12,-9.1,0.286,0.714,0,0,0,0,4.2,0,0,33.3,53,112,-0.1,0,-0.362,-14.6,-5.5,-20.1,-0.1,0,0,0,NA,0
270,"Hassan Whiteside","whiteha01",2018,2018,"MIA","NBA",-0.1,5,5,77,6.9,0,0.65,13.4,28,20.6,2,0,6.7,31.8,21.1,81,110,-0.2,0.1,-0.082,-9.7,0.1,-9.6,-0.1,0,0,0,"C",0
271,"Michael Carter-Williams","cartemi01",2017,2019,"TOT","NBA",-0.2,10,0,145,7.1,0.196,0.261,2.2,16.9,9.1,21.7,1.8,0.7,21.4,20.1,86,112,-0.3,0.1,-0.053,-5.6,0.9,-4.7,-0.1,0,0,0,NA,0
272,"Wayne Ellington","ellinwa01",2018,2019,"TOT","NBA",-0.2,9,4,232,6.7,0.743,0.071,1.6,9.3,5.1,5.1,1,0.7,6.5,14.1,96,121,-0.1,-0.1,-0.034,-1.9,-2.1,-4,-0.1,0,0,0,NA,0
273,"Tim Hardaway","hardati02",2017,2017,"ATL","NBA",-0.2,6,6,200,3.8,0.512,0.232,1.7,7.3,4.5,5.4,0.7,0,10,21.3,86,113,-0.4,0.2,-0.052,-5.5,-0.6,-6,-0.2,0,0,0,"SG",0
274,"Joe Harris","harrijo01",2019,2019,"BRK","NBA",-0.2,5,5,149,5.1,0.488,0.186,3.8,11.2,7.2,2.9,0.9,0,16.2,15.1,89,120,-0.2,0,-0.059,-4.1,-1.5,-5.6,-0.1,0,1,0,"SG",1
275,"Troy Williams","willitr02",2017,2017,"HOU","NBA",-0.2,5,0,19,-14.2,0.556,0.222,11.7,27.7,19.9,6.8,0,0,16.8,27.5,28,110,-0.2,0,-0.514,-18.8,-3.5,-22.3,-0.1,0,0,0,NA,0
276,"D'Angelo Russell","russeda01",2019,2019,"BRK","NBA",-0.3,5,5,148,11.6,0.359,0.126,1.3,12.1,6.3,22.1,2.2,0.5,11.4,33.6,89,117,-0.3,0,-0.098,-3.1,-2,-5.1,-0.1,0,0,1,"PG",1
277,"Ish Smith","smithis01",2019,2019,"DET","NBA",-0.3,4,0,81,3.7,0.184,0.105,1.1,14.4,6.8,26.3,1.8,1.1,9.1,22.6,72,120,-0.3,0,-0.196,-7.4,-1.5,-8.9,-0.1,0,0,0,NA,0
278,"Jerian Grant","grantje02",2017,2019,"TOT","NBA",-0.4,8,2,66,-2.6,0.485,0.121,0,13.8,6.7,20.4,1.6,0,18.7,29.1,62,114,-0.4,0,-0.282,-10.4,-2.1,-12.5,-0.2,0,0,0,"PG",0
279,"Jordan Clarkson","clarkjo01",2018,2018,"CLE","NBA",-0.7,19,0,286,3.2,0.374,0.049,3.7,9.8,6.7,7.2,1.5,1,9.4,22.4,77,113,-0.9,0.2,-0.116,-6.9,-2.3,-9.2,-0.5,0,0,0,"SG",0
