ID,Player,Username,Pos,Age,Tm,G,MP,PER,TS%,3PAr,FTr,ORB%,DRB%,TRB%,AST%,STL%,BLK%,TOV%,USG%,OWS,DWS,WS,WS/48,OBPM,DBPM,BPM,VORP
1,Álex Abrines,abrinal01,SG,25,OKC,31,588,6.3,0.507,0.809,0.083,0.9,7.8,4.2,4.3,1.3,0.9,7.9,12.2,0.1,0.6,0.6,0.053,-2.4,-0.9,-3.4,-0.2
2,Quincy Acy,acyqu01,PF,28,PHO,10,123,2.9,0.379,0.833,0.556,2.7,20.1,11.3,8.2,0.4,2.7,15.2,9.2,-0.1,0,-0.1,-0.022,-5.7,-0.3,-5.9,-0.1
3,Jaylen Adams,adamsja01,PG,22,ATL,34,428,7.6,0.474,0.673,0.082,2.6,12.3,7.4,19.8,1.5,1,19.7,13.5,-0.1,0.2,0.1,0.011,-3.1,-1.3,-4.4,-0.3
4,Steven Adams,adamsst01,C,25,OKC,80,2669,18.5,0.591,0.002,0.361,14.7,14.8,14.7,6.6,2,2.4,12.6,16.4,5.1,4,9.1,0.163,0.6,2.1,2.7,3.2
5,Bam Adebayo,adebaba01,C,21,MIA,82,1913,17.9,0.623,0.031,0.465,9.2,24,16.6,14.2,1.8,3,17.1,15.8,3.4,3.4,6.8,0.171,-0.6,3.6,3,2.4
6,Deng Adel,adelde01,SF,21,CLE,19,194,2.7,0.424,0.639,0.111,1.6,9.6,5.4,3.4,0.3,1.8,13.7,9.9,-0.2,0,-0.2,-0.054,-5.3,-2,-7.3,-0.3
7,DeVaughn Akoon-Purcell,akoonde01,SG,25,DEN,7,22,8.2,0.322,0.4,0.2,4.9,14.8,9.8,37.1,4.5,0,15.5,25,-0.1,0,0,-0.051,-4.4,0.8,-3.6,0
8,LaMarcus Aldridge,aldrila01,C,33,SAS,81,2687,22.9,0.576,0.032,0.312,10.3,19.8,15.1,11.6,0.8,3.4,8.8,26.9,6.4,2.9,9.3,0.167,1.2,0.5,1.6,2.5
9,Rawle Alkins,alkinra01,SG,21,CHI,10,120,8.1,0.418,0.308,0.308,9.9,13.7,11.8,15.2,0.4,0,15.3,19,-0.1,0,-0.1,-0.042,-4.1,-2.5,-6.5,-0.1
10,Grayson Allen,allengr01,SG,23,UTA,38,416,7.5,0.516,0.556,0.337,0.8,5.1,3,8.9,0.7,1.1,13.9,24.4,-0.4,0.4,0,0.002,-3.7,-3.1,-6.8,-0.5
11,Jarrett Allen,allenja01,C,20,BRK,80,2096,18.5,0.632,0.079,0.489,9.6,24,16.8,7.9,1,4.5,13,15.9,4.4,3.3,7.6,0.175,-0.7,3.2,2.5,2.4
12,Kadeem Allen,allenka01,SG,26,NYK,19,416,16.2,0.574,0.255,0.383,2,11.1,6.4,28.7,1.9,0.8,13.6,19.6,0.7,0.2,1,0.111,0.5,-1.6,-1.1,0.1
13,Al-Farouq Aminu,aminual01,PF,28,POR,81,2292,13.2,0.568,0.472,0.292,5.3,22.6,14.2,6,1.4,1.2,9.7,13.7,3,2.8,5.8,0.121,0.1,0.8,0.9,1.7
14,Justin Anderson,anderju01,SF,25,ATL,48,463,11.2,0.516,0.49,0.223,5.3,13.9,9.5,6.9,2.2,2.4,11.8,17.2,0.1,0.4,0.4,0.043,-2.6,-0.7,-3.2,-0.1
15,Kyle Anderson,anderky01,SF,25,MEM,43,1281,12.8,0.569,0.123,0.232,4.1,18.1,11,15,2.1,2.7,16,12.6,0.8,1.8,2.7,0.1,-2.1,3.3,1.2,1
16,Ryan Anderson,anderry01,PF,30,TOT,25,322,4.6,0.414,0.58,0.232,6.1,12.5,9.2,7.8,0.6,0.3,15.5,12,-0.3,0,-0.2,-0.035,-4.5,-2,-6.4,-0.4
16,Ryan Anderson,anderry01,PF,30,PHO,15,278,4.6,0.423,0.567,0.233,5.5,12.5,9,8.1,0.5,0.3,15.4,12.1,-0.2,0,-0.2,-0.039,-4.4,-2.1,-6.5,-0.3
16,Ryan Anderson,anderry01,PF,30,MIA,10,44,4.5,0.354,0.667,0.222,9.7,12.1,10.9,5.8,1.1,0,16.8,11.6,0,0,0,-0.009,-4.9,-0.8,-5.8,0
17,Ike Anigbogu,anigbik01,C,20,IND,3,6,-6,0,0,0,18.9,36.2,27.7,19.4,0,14.8,25,29.1,-0.1,0,-0.1,-0.48,-22.5,8.5,-14,0
18,Giannis Antetokounmpo,antetgi01,PF,24,MIL,72,2358,30.9,0.644,0.163,0.55,7.3,30,19.3,30.3,1.8,3.9,14.8,32.3,8.9,5.5,14.4,0.292,5.7,5,10.8,7.6
19,Kostas Antetokounmpo,antetko01,PF,21,DAL,2,11,-0.9,0.21,0,1.333,0,9.7,4.9,0,8.8,0,17.4,22.5,-0.1,0,-0.1,-0.247,-15.9,2.7,-13.3,0
20,Carmelo Anthony,anthoca01,PF,34,HOU,10,294,10.9,0.513,0.529,0.182,3.3,17.3,10.2,2.6,0.7,2,5.8,20.5,0.1,0.2,0.3,0.048,-3.1,-2.8,-5.9,-0.3
21,OG Anunoby,anunoog01,SF,21,TOR,67,1352,9.8,0.544,0.5,0.153,4.8,10.8,7.9,4.7,1.6,1.3,11.3,15.5,0.3,1.7,2,0.07,-1.3,0.1,-1.2,0.3
22,Ryan Arcidiacono,arcidry01,PG,24,CHI,81,1961,11.6,0.588,0.519,0.244,1.5,10.8,6.1,18.9,1.6,0.2,12,11.7,2.8,0.9,3.7,0.09,-0.1,-1,-1,0.5
23,Trevor Ariza,arizatr01,SF,33,TOT,69,2349,12,0.534,0.59,0.223,2.3,15.2,8.6,14.8,1.8,0.7,11.6,16.6,1.3,1.2,2.5,0.052,-0.1,-0.4,-0.5,0.9
23,Trevor Ariza,arizatr01,SF,33,PHO,26,884,10.5,0.525,0.612,0.189,2,16.4,9.1,13.5,2.1,0.8,13.7,13.8,0.2,0.5,0.6,0.035,-1.2,0.2,-1,0.2
23,Trevor Ariza,arizatr01,SF,33,WAS,43,1465,13,0.538,0.58,0.238,2.5,14.5,8.4,15.5,1.7,0.7,10.6,18.2,1.1,0.8,1.9,0.062,0.6,-0.8,-0.2,0.7
24,D.J. Augustin,augusdj01,PG,31,ORL,81,2269,15.7,0.616,0.459,0.309,1.9,7.8,4.8,26.9,1.1,0.1,14.3,17.2,5,1.9,6.9,0.146,1.7,-2,-0.3,1
25,Deandre Ayton,aytonde01,C,20,PHO,71,2183,20.5,0.608,0.005,0.217,11.1,26.1,18.5,9.6,1.3,2.6,11.7,21.2,4.1,1.7,5.8,0.128,-0.1,0.2,0.2,1.2
26,Dwayne Bacon,bacondw01,SG,23,CHO,43,759,11.7,0.57,0.339,0.179,1.1,11.7,6.3,9.2,0.8,0.6,6.1,16.8,0.9,0.3,1.2,0.073,-1.2,-2.4,-3.5,-0.3
27,Marvin Bagley,baglema01,PF,19,SAC,62,1567,18.9,0.562,0.136,0.371,10.4,20.8,15.5,5.9,1,3.2,10.7,24.2,2,1.6,3.6,0.11,-1.2,-0.7,-1.8,0.1
28,Ron Baker,bakerro01,SG,25,TOT,15,152,2.5,0.309,0.65,0.3,0.7,7.1,3.8,12.8,1.9,0.6,18.1,7.8,-0.2,0.1,-0.1,-0.034,-5.9,-0.7,-6.6,-0.2
28,Ron Baker,bakerro01,SG,25,NYK,11,107,4.4,0.376,0.563,0.375,1,6,3.4,16.1,2.3,0,13.9,8.6,0,0,0,0.002,-4.6,-1.4,-6,-0.1
28,Ron Baker,bakerro01,SG,25,WAS,4,45,-2,0,1,0,0,9.8,4.8,5.1,1.1,1.9,33.3,5.7,-0.1,0,-0.1,-0.12,-8.8,0.8,-8.1,-0.1
29,Wade Baldwin,baldwwa01,PG,22,POR,16,94,1.3,0.396,0.273,0.333,2.3,14.4,8.5,16.6,0.5,1.7,27,23.3,-0.4,0.1,-0.3,-0.153,-9.3,-1.4,-10.7,-0.2
30,Lonzo Ball,balllo01,PG,21,LAL,47,1423,11.7,0.487,0.5,0.105,4,14,9.1,23.8,2.3,1.1,17.8,16.9,-0.2,1.7,1.6,0.052,-0.9,1.5,0.5,0.9
31,Mo Bamba,bambamo01,C,20,ORL,47,766,14.9,0.539,0.288,0.259,8.8,24,16.3,7.4,0.8,7,13.7,17.8,0.3,1.4,1.7,0.106,-3.3,3.1,-0.2,0.4
32,J.J. Barea,bareajo01,PG,34,DAL,38,752,16.3,0.495,0.332,0.203,1.9,11.6,6.8,47.5,1.4,0.1,14.7,28.1,0.4,0.6,1,0.064,1.1,-2.2,-1.1,0.2
33,Harrison Barnes,barneha02,PF-SF,26,TOT,77,2533,12.8,0.55,0.429,0.271,2.4,12.7,7.5,6.7,0.9,0.4,7.9,20.9,2,1.6,3.6,0.068,-0.6,-1.8,-2.3,-0.2
33,Harrison Barnes,barneha02,PF,26,DAL,49,1584,13.1,0.538,0.434,0.276,2.4,11.5,7,6.3,1,0.6,7.8,23.7,0.8,1.1,1.9,0.059,-0.9,-2.1,-3,-0.4
33,Harrison Barnes,barneha02,SF,26,SAC,28,949,12.3,0.578,0.419,0.258,2.2,14.8,8.4,7.5,0.8,0.2,8,16.3,1.1,0.5,1.7,0.084,-0.1,-1.2,-1.2,0.2
34,Will Barton,bartowi01,SF,28,DEN,43,1189,11,0.501,0.426,0.161,2.9,15.3,9.1,14.6,0.7,1.6,11.7,20,0.1,1.1,1.2,0.049,-1.8,-0.5,-2.3,-0.1
35,Keita Bates-Diop,bateske01,SF,23,MIN,30,503,9.6,0.489,0.366,0.197,3.4,14.4,8.8,4.6,1.7,2.4,8.3,14.1,0,0.4,0.3,0.032,-3.2,0,-3.1,-0.1
36,Nicolas Batum,batumni01,SF,30,CHO,75,2354,11.9,0.581,0.53,0.158,3.2,14.9,8.9,14.5,1.5,1.6,16.3,13.2,2,1.7,3.7,0.076,-0.1,0.9,0.8,1.7
37,Jerryd Bayless,bayleje01,PG,30,MIN,34,657,8.5,0.431,0.426,0.122,1.8,8.4,5,24.6,1.3,0.3,11.7,17.6,-0.2,0.2,0,-0.003,-2.4,-2.7,-5.1,-0.5
38,Aron Baynes,baynear01,C,32,BOS,51,821,14,0.567,0.274,0.278,11.4,19.8,15.6,9.3,0.7,3.7,13.8,15.2,1.3,1.1,2.4,0.139,-1.2,1.4,0.2,0.5
39,Kent Bazemore,bazemke01,SG,29,ATL,67,1643,11.9,0.507,0.434,0.253,2.3,14.6,8.3,13.5,2.5,2.2,13.6,22,-0.7,1.4,0.7,0.021,-2.2,0,-2.2,-0.1
40,Bradley Beal,bealbr01,SG,25,WAS,82,3028,20.8,0.581,0.37,0.278,3.1,11.7,7.4,24.1,1.9,1.6,11,28.4,5.9,1.7,7.6,0.12,3.9,-1.1,2.8,3.7
41,Malik Beasley,beaslma01,SG,22,DEN,81,1879,14.2,0.599,0.55,0.09,2,9.5,5.8,7.5,1.4,0.5,6.7,18.7,2.9,1.6,4.5,0.115,1.4,-1.9,-0.5,0.7
42,Michael Beasley,beaslmi01,PF,30,LAL,26,277,15.9,0.532,0.111,0.255,4.9,17.2,11.2,14.8,1.5,3,13.7,29.5,-0.1,0.4,0.2,0.039,-3.7,-0.4,-4,-0.1
43,Marco Belinelli,belinma01,SG,32,SAS,79,1815,11.9,0.557,0.572,0.18,1,10.8,5.9,10.1,0.9,0.4,8.8,19.8,1.4,1.1,2.5,0.065,0.3,-2.4,-2.1,0
44,Jordan Bell,belljo01,C,24,GSW,68,788,12.9,0.531,0.01,0.214,7.8,16.7,12.5,12.3,1.2,5.4,16.7,13.7,0.5,1.1,1.6,0.096,-3.1,2.8,-0.4,0.3
45,DeAndre' Bembry,bembrde01,SG,24,ATL,82,1931,10.8,0.508,0.281,0.221,2.9,16.9,9.7,14.7,2.5,1.8,17.4,17.2,-0.9,1.7,0.9,0.022,-3.3,1.1,-2.2,-0.1
46,Dragan Bender,bendedr01,PF,21,PHO,46,826,9.5,0.521,0.513,0.274,4.5,20.3,12.3,9.4,1,2.2,14.4,13.4,0,0.4,0.5,0.027,-3.1,-0.3,-3.4,-0.3
47,Dairis Bertāns,bertada02,SG,29,NOP,12,167,2,0.362,0.723,0,1.3,4.3,2.8,7.2,0.3,0,4.1,12,-0.2,0,-0.2,-0.054,-4.2,-3.5,-7.7,-0.2
48,Dāvis Bertāns,bertada01,PF,26,SAS,76,1632,13,0.632,0.746,0.132,1.6,16,8.8,8.2,1,1.7,8.2,14.1,2.6,1.5,4,0.118,1.6,-0.4,1.2,1.3
49,Patrick Beverley,beverpa01,PG,30,LAC,78,2137,11.8,0.561,0.591,0.258,3.9,15,9.6,18.4,1.5,1.6,13.8,12.2,2.8,2,4.8,0.108,1.2,1.2,2.3,2.3
50,Khem Birch,birchkh01,C,26,ORL,50,643,19.2,0.64,0.007,0.55,13,18.8,15.8,8.5,1.4,3.8,9.6,14.1,1.8,1,2.8,0.212,0.2,2.3,2.4,0.7
51,Bismack Biyombo,biyombi01,C,26,CHO,54,783,14.4,0.602,0,0.583,11,23.3,17,5.9,0.7,4.6,14.8,12.7,1.2,0.8,2,0.125,-2.5,1.5,-1.1,0.2
52,Nemanja Bjelica,bjeline01,PF,30,SAC,77,1788,15.4,0.585,0.433,0.155,7,18.8,12.8,11.1,1.4,2.7,11.5,16.5,2.7,1.9,4.5,0.122,0.8,1.2,2,1.8
53,Antonio Blakeney,blakean01,SG,22,CHI,57,829,10.6,0.487,0.23,0.192,0.9,13.1,6.9,8.2,0.7,0.9,7.5,24.5,-0.8,0.3,-0.5,-0.03,-4.7,-3.7,-8.4,-1.3
54,Eric Bledsoe,bledser01,PG,29,MIL,78,2272,19.3,0.577,0.388,0.243,3.9,11.8,8.1,27.4,2.4,1.1,13.3,22.9,4.4,3.7,8.2,0.173,2.5,1,3.5,3.2
55,Jaron Blossomgame,blossja01,SF,25,CLE,27,439,10.2,0.51,0.368,0.123,6.3,19.1,12.4,4.2,0.8,1.6,9,12.2,0.2,0.1,0.3,0.03,-3.1,-1.5,-4.5,-0.3
56,Bogdan Bogdanović,bogdabo01,SG,26,SAC,70,1947,14.1,0.53,0.431,0.188,2.1,11,6.4,19.3,1.7,0.7,11.1,22.3,1.3,1.4,2.7,0.067,0.5,-1.2,-0.7,0.6
57,Bojan Bogdanović,bogdabo02,SF,29,IND,81,2573,16.1,0.613,0.367,0.29,1.5,12.7,7.2,9.5,1.3,0,10.2,22.4,3.9,2.8,6.8,0.126,1.4,-1.4,0,1.3
58,Andrew Bogut,bogutan01,C,34,GSW,11,134,13.4,0.523,0,0.083,10,32.8,21.9,10.6,1.1,5,17.7,14.5,0.1,0.2,0.3,0.111,-4.3,3.1,-1.3,0
59,Jonah Bolden,boldejo01,PF,23,PHI,44,639,12.7,0.595,0.593,0.167,8,19,13.7,8.5,1.3,4.8,17.2,13.8,0.5,0.9,1.4,0.106,-0.8,2,1.2,0.5
60,Isaac Bonga,bongais01,PG,19,LAL,22,120,6,0.24,0.242,0.455,7.9,13.5,10.8,14.9,3.5,2.7,13.2,15.7,-0.3,0.2,-0.1,-0.059,-7.3,3,-4.3,-0.1
61,Devin Booker,bookede01,SG,22,PHO,64,2242,20.2,0.584,0.33,0.362,1.9,11.3,6.5,34.1,1.2,0.5,15.4,32.9,3.3,0.3,3.5,0.076,3.8,-3,0.8,1.6
62,Chris Boucher,bouchch01,PF,26,TOR,28,163,22.2,0.563,0.487,0.197,10.9,25.8,18.5,1.9,1.8,12.2,7.8,23.6,0.2,0.4,0.7,0.194,-1.7,2.8,1.1,0.1
63,Avery Bradley,bradlav01,SG,28,TOT,63,1905,7.6,0.496,0.403,0.082,2.5,7.3,4.9,11.8,1,0.7,12.4,16.2,-0.6,1,0.3,0.009,-1.7,-1,-2.8,-0.4
63,Avery Bradley,bradlav01,SG,28,LAC,49,1463,5.5,0.464,0.41,0.06,2.6,6.7,4.7,8.8,0.9,0.9,12.4,14.2,-1,0.6,-0.3,-0.011,-2.4,-0.7,-3.1,-0.4
63,Avery Bradley,bradlav01,SG,28,MEM,14,442,14.5,0.565,0.388,0.133,2,9.3,5.6,21.6,1.6,0,12.3,22.9,0.3,0.4,0.7,0.074,0.6,-2.1,-1.5,0.1
64,Tony Bradley,bradlto01,C,21,UTA,3,36,19.6,0.504,0,0.125,27.6,17.7,22.6,4.5,2.7,4.4,15.1,23.6,0,0.1,0.1,0.13,-2,1.3,-0.7,0
65,Corey Brewer,breweco01,SF,32,TOT,31,492,11.6,0.532,0.358,0.35,5.4,10.7,8,10.2,3,1.2,11.8,13.6,0.4,0.6,1,0.095,-1.1,1,-0.1,0.2
65,Corey Brewer,breweco01,SF,32,PHI,7,140,10.8,0.484,0.286,0.265,3.1,9.6,6.4,10,4,1.1,12.8,18.8,-0.1,0.2,0.1,0.044,-3.2,0.8,-2.4,0
65,Corey Brewer,breweco01,SF,32,SAC,24,352,12,0.562,0.405,0.405,6.3,11.1,8.6,10.3,2.6,1.2,11.2,11.5,0.5,0.4,0.8,0.115,-0.3,1.1,0.9,0.3
66,Mikal Bridges,bridgmi01,SF,22,PHO,82,2417,10.8,0.556,0.556,0.21,2.5,9.7,6,9.8,2.5,1.3,10.2,12.2,1.7,1.2,2.9,0.058,-0.5,0.3,-0.2,1.1
67,Miles Bridges,bridgmi02,SF,20,CHO,80,1696,13.1,0.548,0.391,0.151,4.2,16.6,10.3,8.1,1.6,2.5,8.4,15.1,1.4,1.5,2.9,0.083,-1.2,0.5,-0.6,0.6
68,Isaiah Briscoe,briscis01,PG,22,ORL,39,559,6.7,0.455,0.246,0.188,0.9,13.4,7.1,21,1,0.3,17.2,14.1,-0.3,0.5,0.3,0.023,-5,-0.6,-5.6,-0.5
69,Ryan Broekhoff,broekry01,SG,28,DAL,42,453,10.7,0.621,0.738,0.151,1.9,12.9,7.4,7.2,0.6,0.8,10.6,14.3,0.5,0.3,0.8,0.086,-0.7,-1.7,-2.3,0
70,Malcolm Brogdon,brogdma01,SG,26,MIL,64,1832,17.8,0.614,0.326,0.203,3.8,11.7,8,16.2,1.2,0.6,10,20.7,4.2,2.3,6.5,0.171,1.9,-0.3,1.5,1.6
71,Dillon Brooks,brookdi01,SF,23,MEM,18,330,7.6,0.499,0.328,0.246,3,7.6,5.3,7.6,1.5,1.1,12.3,20.9,-0.3,0.3,0,-0.004,-4.2,-1.9,-6.1,-0.3
72,MarShon Brooks,brookma01,SG,30,MEM,29,387,11.6,0.518,0.32,0.195,3.4,9.7,6.5,11,1.2,1,10.3,23.6,-0.2,0.3,0.1,0.018,-2.9,-2.6,-5.6,-0.3
73,Bruce Brown,brownbr01,SG,22,DET,74,1449,6.9,0.469,0.296,0.191,3.5,10.7,7,8.8,1.4,2.1,11.9,11.5,-0.1,1.6,1.5,0.048,-3.7,1.7,-2,0
74,Jaylen Brown,brownja02,SG,22,BOS,74,1913,13.5,0.547,0.348,0.255,3.6,13.9,8.7,7.7,1.7,1.5,10.1,22.1,0.7,2.4,3,0.076,-1.5,-0.6,-2.1,0
75,Lorenzo Brown,brownlo01,PG,28,TOR,26,212,6.3,0.38,0.394,0.042,2.6,12.9,7.9,17.3,2.7,2,18.1,17.9,-0.5,0.3,-0.1,-0.027,-5.8,1.5,-4.3,-0.1
76,Sterling Brown,brownst02,SG,23,MIL,58,1034,10.9,0.563,0.471,0.135,3,14.4,9,10.7,1.1,0.7,12.2,15.2,0.7,1.4,2.1,0.098,-1.6,0,-1.6,0.1
77,Troy Brown,browntr01,SF,19,WAS,52,730,11.1,0.487,0.295,0.201,5.1,16.6,10.8,14.9,1.4,0.6,10.5,16.5,0.2,0.4,0.6,0.039,-2.6,-1.2,-3.7,-0.3
78,Jalen Brunson,brunsja01,PG,22,DAL,73,1591,12.8,0.549,0.32,0.212,1.7,9.6,5.7,22.6,1.1,0.2,12.5,19.1,1.5,1,2.6,0.077,-0.8,-1.6,-2.5,-0.2
79,Thomas Bryant,bryanth01,C,21,WAS,72,1496,21,0.674,0.197,0.273,8.1,25.1,16.5,9.3,0.8,3.8,9.6,17.6,4.3,1.3,5.6,0.178,1.2,0.4,1.6,1.3
80,Reggie Bullock,bullore01,SG,27,TOT,63,1879,10.5,0.563,0.662,0.143,1.2,8.8,4.9,10.1,1,0.5,9.3,15.8,1.6,1.4,3.1,0.078,0.1,-1,-0.9,0.5
80,Reggie Bullock,bullore01,SG,27,DET,44,1355,11,0.569,0.667,0.145,1.6,8.6,5,12,0.9,0.3,10.3,16.7,1.4,1,2.4,0.084,0.7,-1.2,-0.5,0.5
80,Reggie Bullock,bullore01,SG,27,LAL,19,524,9.1,0.545,0.647,0.137,0.4,9.3,4.9,5,1.4,1.1,6.3,13.7,0.2,0.4,0.7,0.061,-1.3,-0.5,-1.8,0
81,Trey Burke,burketr01,PG,26,TOT,58,1125,16.5,0.524,0.29,0.226,2.6,6.7,4.6,24.1,1.4,0.5,7.5,24.8,1.4,0.5,1.9,0.081,0.7,-3.2,-2.5,-0.1
81,Trey Burke,burketr01,PG,26,NYK,33,689,15.6,0.496,0.24,0.209,2.2,7.3,4.7,23.6,1.5,0.6,6.9,26.1,0.4,0.2,0.6,0.044,-0.2,-3.3,-3.5,-0.3
81,Trey Burke,burketr01,PG,26,DAL,25,436,17.9,0.574,0.384,0.258,3.2,5.9,4.5,24.7,1.3,0.4,8.6,22.8,1,0.3,1.3,0.14,2.1,-3,-0.9,0.1
82,Alec Burks,burksal01,SG,27,TOT,64,1375,12.7,0.523,0.354,0.297,2.3,17,9.4,13.7,1.4,1.3,10.8,19,0.7,0.8,1.5,0.052,-1.5,-0.6,-2.2,-0.1
82,Alec Burks,burksal01,SG,27,UTA,17,269,12.4,0.547,0.377,0.333,0.8,9.9,5.4,11.2,1.1,1.2,10.3,23.2,0.2,0.3,0.5,0.084,-2.2,-1.6,-3.7,-0.1
82,Alec Burks,burksal01,SG,27,CLE,34,979,13.2,0.517,0.35,0.288,2.8,19,10.6,15,1.3,1.4,10.7,19.2,0.6,0.3,0.9,0.042,-1.1,-0.7,-1.8,0.1
82,Alec Burks,burksal01,SG,27,SAC,13,127,9,0.495,0.3,0.25,1.6,16.6,8.9,9.5,2.9,0.7,15.3,8.5,0,0.2,0.2,0.062,-3.8,1.9,-1.9,0
83,Deonte Burton,burtode02,SG,25,OKC,32,240,7,0.47,0.329,0.146,1.7,10.7,6,5,1.2,2.8,9.3,16.3,-0.2,0.3,0.1,0.027,-5.6,-0.6,-6.3,-0.3
84,Jimmy Butler,butleji01,SF-SG,29,TOT,65,2185,20.2,0.571,0.213,0.404,6,10.5,8.3,18,2.7,1.4,8.2,22.3,5.4,2.5,7.9,0.173,2.6,0.6,3.2,2.9
84,Jimmy Butler,butleji01,SG,29,MIN,10,361,22.3,0.579,0.287,0.389,4.7,10.8,7.7,18.2,3.2,2.4,7.1,23,1,0.4,1.3,0.176,3.7,0.9,4.6,0.6
84,Jimmy Butler,butleji01,SF,29,PHI,55,1824,19.8,0.569,0.198,0.407,6.3,10.4,8.4,18,2.6,1.2,8.4,22.1,4.4,2.1,6.6,0.172,2.4,0.5,2.9,2.3
85,Bruno Caboclo,cabocbr01,SF,23,MEM,34,800,12.4,0.571,0.578,0.222,5.8,16.5,11.1,9.4,0.9,3.9,13.3,15.9,0.6,0.9,1.5,0.09,-1,1.2,0.2,0.4
86,José Calderón,caldejo01,PG,37,DET,49,632,7.1,0.453,0.475,0.092,1.8,8.8,5.2,24.9,1.2,0.4,21.9,10.9,0,0.5,0.6,0.043,-4,-1.2,-5.1,-0.5
87,Kentavious Caldwell-Pope,caldwke01,SG,25,LAL,82,2035,12.9,0.568,0.575,0.209,2.5,9.4,6,7.5,1.7,0.5,7.3,18.1,2.3,1.8,4,0.095,0.6,-1.2,-0.6,0.7
88,Isaiah Canaan,canaais01,PG,27,TOT,30,629,8,0.518,0.585,0.146,1,9.2,5.1,18.2,1.1,0.3,16.7,14.2,0,0.1,0.1,0.008,-2.4,-2.7,-5.1,-0.5
88,Isaiah Canaan,canaais01,PG,27,PHO,19,503,7.3,0.515,0.558,0.155,1.1,9.8,5.4,17,1.1,0,17.4,14.2,-0.1,0,-0.1,-0.007,-2.7,-2.5,-5.2,-0.4
88,Isaiah Canaan,canaais01,PG,27,MIN,7,95,12.3,0.536,0.655,0.138,0,5.7,2.8,26.9,1,0.9,11.5,15.4,0.1,0,0.2,0.079,-0.4,-4.6,-5,-0.1
88,Isaiah Canaan,canaais01,PG,27,MIL,4,31,5.2,0.5,0.833,0,3.5,9.3,6.6,11.6,0,2.7,25,10.8,0,0,0,0.03,-4.2,-0.1,-4.3,0
89,Clint Capela,capelca01,C,24,HOU,67,2249,23.8,0.658,0,0.357,14.4,27.6,20.8,7.1,1,3.9,10,18.2,7.8,3,10.8,0.23,1.3,1.6,2.9,2.8
90,DeMarre Carroll,carrode01,PF,32,BRK,67,1703,12.1,0.546,0.539,0.421,4.2,17.3,10.8,7.2,0.9,0.5,9.7,18.6,1.5,1.6,3.1,0.088,-1,-0.7,-1.7,0.1
91,Jevon Carter,carteje01,PG,23,MEM,39,577,7.8,0.432,0.551,0.173,2.7,10.3,6.4,17.4,2.2,1.8,14.2,18,-0.7,0.7,0,-0.003,-3.8,-0.1,-4,-0.3
92,Vince Carter,cartevi01,PF,42,ATL,76,1330,11.8,0.565,0.675,0.141,2.4,13.2,7.7,9.3,1.5,1.8,8.8,16.7,1.2,0.7,1.9,0.07,-0.2,-1.4,-1.6,0.1
93,Wendell Carter,cartewe01,C,19,CHI,44,1110,15.2,0.541,0.086,0.302,8.4,21.8,15,10.7,1.1,4.5,13.4,19.1,0.7,1.2,1.9,0.08,-2.4,1.8,-0.5,0.4
94,Michael Carter-Williams,cartemi01,PG,27,TOT,28,372,14.7,0.458,0.309,0.431,5.4,15,10.1,26.5,2.6,3.4,12,19.4,0.2,0.6,0.8,0.099,-2,2,0,0.2
94,Michael Carter-Williams,cartemi01,PG,27,HOU,16,145,12.7,0.476,0.311,0.426,2.2,7.8,5,22.7,3,3.5,12.1,24.7,0,0.2,0.1,0.044,-3.3,-0.3,-3.7,-0.1
94,Michael Carter-Williams,cartemi01,PG,27,ORL,12,227,16.1,0.44,0.306,0.435,7.4,19.6,13.5,28.9,2.4,3.3,11.9,16.1,0.2,0.4,0.6,0.134,-1.1,3.5,2.4,0.3
95,Alex Caruso,carusal01,PG,24,LAL,25,531,13.9,0.569,0.289,0.37,4,9,6.5,19.7,2.1,1.4,17.3,19,0.5,0.6,1,0.093,-0.9,0,-0.9,0.2
96,Omri Casspi,casspom01,SF,30,MEM,36,520,15.7,0.606,0.267,0.36,3.6,21.5,12.4,8.1,1.9,1.6,11,18,0.6,0.7,1.3,0.119,-2,0.1,-1.8,0
97,Willie Cauley-Stein,caulewi01,C,25,SAC,81,2213,18,0.566,0.003,0.343,8.2,23.7,15.8,12.3,2,2,9,17.5,3.8,2.9,6.7,0.146,-0.2,2.2,2,2.3
98,Troy Caupain,caupatr01,PG,23,ORL,4,16,30.7,0.625,0.375,0,6.6,13.6,10,42.5,3.1,0,0,21.8,0.1,0,0.1,0.347,9.4,-0.4,8.9,0
99,Tyler Cavanaugh,cavanty01,PF,24,UTA,11,39,5,0.414,0.5,0.2,8.5,13.6,11.1,3.4,0,0,8.4,13,0,0,0,0.026,-4.8,-2.1,-6.9,0
100,Tyson Chandler,chandty01,C,36,TOT,55,875,11.2,0.63,0.01,0.879,11.1,25.3,18.3,5.3,1.1,2.2,23.4,8.5,0.9,1.2,2.1,0.114,-3.1,1.8,-1.3,0.2
100,Tyson Chandler,chandty01,C,36,PHO,7,89,11.5,0.653,0,1.5,8.6,40.5,24.3,9.1,1.1,0.9,26,13,0.1,0.1,0.2,0.092,-5,0,-5,-0.1
100,Tyson Chandler,chandty01,C,36,LAL,48,786,11.2,0.626,0.011,0.793,11.4,23.6,17.6,4.8,1.1,2.3,23,8,0.9,1.1,1.9,0.117,-2.9,2,-0.9,0.2
101,Wilson Chandler,chandwi01,PF-SF,31,TOT,51,1177,8.5,0.537,0.579,0.092,4.4,14.6,9.7,9.1,1,1.4,13.9,11.8,0.5,1,1.5,0.062,-1.3,0.3,-1,0.3
101,Wilson Chandler,chandwi01,PF,31,PHI,36,951,9.1,0.561,0.57,0.087,5,13.4,9.4,9.9,1.1,1.5,15.4,11.2,0.6,0.9,1.5,0.074,-0.8,0.6,-0.1,0.4
101,Wilson Chandler,chandwi01,SF,31,LAC,15,226,5.8,0.463,0.606,0.106,1.9,19.5,11,5.9,0.6,1.1,9.2,14.2,-0.1,0.2,0,0.009,-3.5,-1.3,-4.8,-0.2
102,Joe Chealey,chealjo01,PG,23,CHO,1,8,2,0.333,0,0,0,0,0,17.7,0,0,0,16.2,0,0,0,-0.08,-9,-8.2,-17.2,0
103,Chris Chiozza,chiozch01,PG,23,HOU,7,33,7,0.375,0.625,0,3.3,10.3,6.7,16.1,1.5,2.6,11.1,11.8,0,0,0,0.023,-4.5,-0.2,-4.7,0
104,Marquese Chriss,chrisma01,PF,21,TOT,43,499,9.2,0.455,0.4,0.25,8.6,23.6,15.8,6.5,1.7,1.9,15.3,20.6,-0.6,0.4,-0.2,-0.023,-4.8,-1.4,-6.2,-0.5
104,Marquese Chriss,chrisma01,PF,21,HOU,16,104,3.4,0.391,0.441,0.206,7.3,22.8,14.9,8.2,0.9,3.3,24.4,20.5,-0.3,0.1,-0.2,-0.101,-9.2,-0.2,-9.4,-0.2
104,Marquese Chriss,chrisma01,PF,21,CLE,27,395,10.7,0.47,0.39,0.26,8.9,23.8,16,6.1,1.9,1.5,12.9,20.7,-0.3,0.2,0,-0.003,-3.7,-1.7,-5.4,-0.3
105,Gary Clark,clarkga01,PF,24,HOU,51,641,9.2,0.48,0.914,0.046,4.1,16.2,10,3.8,1.5,3.5,4.3,10.9,0.3,0.7,1,0.071,-2.4,0.6,-1.8,0
106,Ian Clark,clarkia01,SG,27,NOP,60,973,8.3,0.502,0.527,0.097,1.4,8,4.7,12.9,1.1,0.7,12.7,19.3,-0.4,0.3,-0.1,-0.003,-2.2,-2.9,-5.1,-0.8
107,Jordan Clarkson,clarkjo01,SG,26,CLE,81,2214,16.8,0.539,0.377,0.163,3.9,9.9,6.8,15.6,1.3,0.5,9.6,27.6,1.9,-0.1,1.8,0.039,1.5,-3.5,-2,0
108,John Collins,collijo01,PF,21,ATL,61,1829,21.8,0.627,0.19,0.32,12.3,22.1,17.1,11,0.6,1.8,11.2,23.7,5,1,6,0.158,2.6,-1.2,1.4,1.6
109,Zach Collins,colliza01,C,21,POR,77,1356,13.5,0.562,0.303,0.315,8.8,16.5,12.7,7.1,0.9,3.9,14.5,16.6,1.4,1.5,2.9,0.104,-0.9,1,0.1,0.7
110,Darren Collison,collida01,PG,31,IND,76,2143,16.7,0.574,0.294,0.288,1.9,9.9,6,29.9,2.5,0.4,14.4,17.7,3.9,2.9,6.8,0.153,1.2,0,1.2,1.8
111,Bonzie Colson,colsobo01,SF,23,MIL,8,98,12.9,0.454,0.538,0.231,8.8,21.5,15.5,4,2.4,0.9,6.5,19.6,0,0.2,0.2,0.085,-3.3,-1,-4.3,-0.1
112,Mike Conley,conlemi01,PG,31,MEM,70,2342,21.4,0.569,0.38,0.363,1.9,9.7,5.7,33.4,2,0.9,9.1,27.3,5.7,2.3,8,0.164,4.8,-1.3,3.4,3.2
113,Pat Connaughton,connapa01,SG,26,MIL,61,1261,13.6,0.573,0.571,0.114,5.2,15,10.4,12.6,1.2,1.7,8.2,13.3,2,1.9,3.9,0.149,0.4,1.2,1.6,1.2
114,Quinn Cook,cookqu01,PG,25,GSW,74,1059,13.1,0.565,0.456,0.059,2.3,13,7.9,15.2,0.9,0.2,10,20.2,1,0.8,1.8,0.082,-0.2,-2.7,-2.9,-0.2
115,DeMarcus Cousins,couside01,C,28,GSW,30,771,21.4,0.562,0.256,0.388,6.2,27,17.1,20.4,2.5,4.8,14.2,28.1,0.9,1.5,2.4,0.151,0.2,3.4,3.6,1.1
116,Robert Covington,covinro01,SF,28,TOT,35,1203,13.3,0.58,0.622,0.246,2.5,14.6,8.5,5.2,2.9,3.2,10.5,15.6,0.9,1.6,2.5,0.1,0.4,1.9,2.4,1.3
116,Robert Covington,covinro01,SF,28,PHI,13,440,11,0.578,0.658,0.197,1.7,14,8.1,4.3,2.6,4.1,14.8,14.2,0,0.7,0.7,0.077,-1.2,2.5,1.2,0.4
116,Robert Covington,covinro01,SF,28,MIN,22,763,14.7,0.58,0.604,0.269,2.9,14.9,8.8,5.8,3.1,2.7,8.4,16.5,0.9,0.9,1.8,0.114,1.4,1.6,3,1
117,Allen Crabbe,crabbal01,SG,26,BRK,43,1133,7.7,0.519,0.694,0.15,1.5,12.2,6.9,5.8,1,0.9,10.4,16.4,-0.2,1,0.8,0.035,-1.9,-0.5,-2.5,-0.1
118,Torrey Craig,craigto01,SF,28,DEN,75,1503,10.4,0.547,0.519,0.193,6.4,12.6,9.5,6.3,1.2,2.7,10.1,12.4,1.4,1.7,3,0.096,-1,0.9,-0.1,0.7
119,Jamal Crawford,crawfja01,SG,38,PHO,64,1211,11.7,0.522,0.461,0.251,0.7,7.2,3.9,27.7,1.3,0.8,16.9,20.8,0.1,0,0.2,0.006,-2,-4.1,-6,-1.2
120,Mitch Creek,creekmi01,SF,26,TOT,5,48,20.2,0.55,0.125,0.438,13.2,13.1,13.2,18.6,2,0,5,17.6,0.1,0,0.2,0.196,1.9,-0.3,1.7,0
120,Mitch Creek,creekmi01,SF,26,BRK,4,36,21.5,0.573,0.1,0.7,14.6,14.5,14.6,20.2,1.3,0,0,15.3,0.2,0,0.2,0.258,3.2,0,3.2,0
120,Mitch Creek,creekmi01,SF,26,MIN,1,12,16.3,0.5,0.167,0,8.8,9,8.9,13.6,4,0,14.3,24.5,0,0,0,0.011,-1.9,-0.9,-2.9,0
121,Jae Crowder,crowdja01,SF,28,UTA,80,2166,12.1,0.538,0.655,0.247,3.1,15.9,9.6,8.9,1.4,1.1,8.8,19.1,1.3,3.1,4.4,0.097,0,0.4,0.4,1.3
122,Dante Cunningham,cunnida01,PF,31,SAS,64,928,10.2,0.585,0.411,0.114,5.7,16.3,11,6.8,1.4,1.2,11.7,8.9,1,0.9,1.9,0.097,-1,0.8,-0.1,0.4
123,Seth Curry,curryse01,SG,28,POR,74,1399,11.4,0.595,0.54,0.112,2.1,6.9,4.6,6.5,1.2,0.7,11.1,16.6,1.5,0.9,2.4,0.082,0.5,-1.8,-1.3,0.2
124,Stephen Curry,curryst01,PG,30,GSW,69,2331,24.4,0.641,0.604,0.214,2.2,14.2,8.4,24.2,1.9,0.9,11.6,30.4,7.2,2.5,9.7,0.199,7.7,-1.4,6.3,4.9
125,Troy Daniels,danietr01,SG,27,PHO,51,760,9.8,0.558,0.705,0.084,1.9,8.9,5.3,5,1.6,0.5,8.7,17.6,0.2,0.1,0.3,0.02,-1,-3.4,-4.4,-0.5
126,Anthony Davis,davisan02,C,25,NOP,56,1850,30.3,0.597,0.141,0.422,9.9,27.5,18.8,19,2.2,6,8.4,29.5,6.4,3.1,9.5,0.247,4.7,3.9,8.5,4.9
127,Deyonta Davis,davisde01,C,22,ATL,9,118,15.6,0.682,0.045,0.455,8.7,23.7,16,5.8,1.2,3.7,10.2,10.1,0.3,0.1,0.4,0.145,-1.7,1,-0.7,0
128,Ed Davis,davised01,C,29,BRK,81,1446,17.3,0.632,0.007,0.536,15.8,34.6,25.2,6,1.2,1.8,14.6,12.7,3.3,2.5,5.7,0.191,-1.4,1.7,0.4,0.9
129,Tyler Davis,davisty01,C,21,OKC,1,1,0,0,0,0,100,0,51.6,0,0,0,0,40.7,0,0,0,-0.471,-15,-20.5,-35.5,0
130,Dewayne Dedmon,dedmode01,C,29,ATL,64,1609,16,0.602,0.413,0.215,6.7,25,15.7,8.1,2,3.8,12.7,16.7,2.1,1.9,4,0.119,-0.4,1.7,1.3,1.3
131,Sam Dekker,dekkesa01,PF,24,TOT,47,788,13.3,0.519,0.242,0.18,7.2,13.5,10.2,8.3,2.3,0.7,8,16.2,0.6,0.5,1,0.064,-1.5,-0.8,-2.3,-0.1
131,Sam Dekker,dekkesa01,PF,24,CLE,9,169,14,0.544,0.271,0.208,5.7,16.5,10.8,7.9,3.2,0,8.7,14.9,0.2,0.1,0.3,0.08,-1,-0.4,-1.4,0
131,Sam Dekker,dekkesa01,PF,24,WAS,38,619,13.2,0.514,0.236,0.173,7.6,12.6,10.1,8.4,2.1,1,7.8,16.6,0.4,0.4,0.8,0.059,-1.6,-0.9,-2.5,-0.1
132,Ángel Delgado,delgaan01,C,24,LAC,2,15,4.3,0.255,0,0.4,14.6,13.7,14.1,0,3.1,0,0,16.5,0,0,0,-0.055,-8.7,-4,-12.7,0
133,Matthew Dellavedova,dellama01,PG,28,TOT,48,812,11.1,0.532,0.537,0.215,0.8,9.9,5.2,31.9,0.8,0.2,20.4,17.9,0.5,0,0.5,0.028,-1.3,-4.1,-5.5,-0.7
133,Matthew Dellavedova,dellama01,PG,28,MIL,12,97,7.5,0.482,0.579,0.211,0,9.9,5.2,35.7,1,0,34.6,13.7,0,0.1,0.1,0.043,-5.5,-3.1,-8.6,-0.2
133,Matthew Dellavedova,dellama01,PG,28,CLE,36,715,11.5,0.537,0.534,0.215,0.9,9.9,5.2,31.3,0.8,0.2,18.9,18.4,0.5,-0.1,0.4,0.026,-0.8,-4.3,-5.1,-0.6
134,Luol Deng,denglu01,SF,33,MIN,22,392,14.6,0.588,0.373,0.297,5.4,14.6,10,6.5,1.8,1.7,9.5,15.8,0.5,0.3,0.8,0.101,-0.2,-0.5,-0.6,0.1
135,DeMar DeRozan,derozde01,SG,29,SAS,77,2688,19.6,0.542,0.034,0.336,2.2,16.4,9.4,27.6,1.6,1.1,11.7,27.9,3.6,2.6,6.3,0.112,0.4,0.5,0.9,2
136,Marcus Derrickson,derrima01,PF,22,GSW,11,67,19.4,0.653,0.606,0.152,13.3,7.6,10.4,2.2,0,1.3,7.9,24.4,0.2,0,0.2,0.155,3.9,-6.6,-2.8,0
137,Cheick Diallo,diallch01,PF,22,NOP,64,896,17.5,0.644,0.015,0.247,8.8,29.3,19.2,5.1,1.5,3,14,16,1.4,1.2,2.6,0.14,-2.1,0.5,-1.6,0.1
138,Hamidou Diallo,diallha01,SG,20,OKC,51,526,10.1,0.497,0.145,0.358,7.2,12,9.5,4.4,1.9,1.6,10.7,16.6,0.1,0.7,0.8,0.069,-4.3,-0.3,-4.7,-0.4
139,Gorgui Dieng,dienggo01,C,29,MIN,76,1031,18.1,0.572,0.149,0.281,8.3,24.1,16.1,10.3,2.2,3.4,11.9,19.6,1.5,1.3,2.8,0.132,-0.9,1.4,0.5,0.7
140,Spencer Dinwiddie,dinwisp01,PG,25,BRK,68,1914,16.3,0.58,0.447,0.43,1.4,7.6,4.6,25.6,1,0.7,13.4,24.9,3.5,1.4,4.8,0.121,1.9,-2.1,-0.2,0.8
141,Donte DiVincenzo,divindo01,SG,22,MIL,27,411,9.1,0.507,0.669,0.097,4.2,11.4,8,9.7,1.5,1.2,12.8,15.1,0,0.6,0.6,0.069,-1.9,0.1,-1.8,0
142,Luka Dončić,doncilu01,SG,19,DAL,72,2318,19.6,0.545,0.433,0.409,4,21.9,13,31.6,1.6,0.9,15,30.5,2.1,2.8,4.9,0.101,2.9,1.2,4.1,3.6
143,Tyler Dorsey,dorsety01,SG,22,TOT,48,698,11.2,0.509,0.5,0.231,4.2,13.7,8.9,12.4,1,0.3,8.5,19.7,0.2,0.4,0.6,0.043,-1.4,-2.4,-3.8,-0.3
143,Tyler Dorsey,dorsety01,SG,22,ATL,27,251,7.8,0.448,0.438,0.292,3.7,14.6,9,9.3,1.3,0.3,9.1,17.9,-0.2,0.1,-0.1,-0.01,-4.3,-2.6,-6.9,-0.3
143,Tyler Dorsey,dorsety01,SG,22,MEM,21,447,13.1,0.541,0.531,0.2,4.4,13.3,8.8,14.2,0.8,0.2,8.2,20.7,0.4,0.3,0.7,0.073,0.2,-2.3,-2.1,0
144,Damyean Dotson,dotsoda01,SG,24,NYK,73,2004,10.8,0.526,0.49,0.14,1.7,12.2,6.8,10.4,1.4,0.4,8.7,17.3,0.7,0.9,1.5,0.037,-0.9,-1.4,-2.3,-0.2
145,PJ Dozier,doziepj01,SG,22,BOS,6,51,16,0.434,0.381,0.095,12.5,23.1,17.8,13.7,1.9,0,0,18.5,0.1,0.1,0.1,0.125,-0.5,-0.5,-1.1,0
146,Goran Dragić,dragigo01,PG,32,MIA,36,991,13.9,0.517,0.379,0.233,2.1,9.8,6,27.3,1.5,0.5,12.9,23.7,0.6,1,1.6,0.079,0.1,-1.3,-1.2,0.2
147,Andre Drummond,drumman01,C,25,DET,79,2647,23.4,0.555,0.036,0.392,16.8,34.7,25.4,7.2,2.5,4.4,12.4,22.9,4.1,5.9,10,0.181,-0.7,3.6,2.9,3.3
148,Jared Dudley,dudleja01,PF,33,BRK,59,1220,7.8,0.554,0.632,0.192,2.9,10.4,6.7,9.2,1.4,1,14.2,10.4,0.6,1.2,1.8,0.07,-1.7,1,-0.7,0.4
149,Kris Dunn,dunnkr01,PG,24,CHI,46,1389,12.4,0.484,0.19,0.136,1.5,13.3,7.3,30,2.4,1.3,16.2,20.1,-0.5,1.2,0.6,0.022,-2,0.3,-1.8,0.1
150,Kevin Durant,duranke01,SF,30,GSW,78,2702,24.2,0.631,0.281,0.366,1.4,17.5,9.8,26.2,1,2.6,12.3,29,8.6,2.9,11.5,0.204,4.2,0.1,4.3,4.3
151,Trevon Duval,duvaltr01,PG,20,MIL,3,6,38.3,0.833,0.333,0,0,16,8.5,59,0,0,0,20.9,0.1,0,0.1,0.537,13.8,-4.1,9.7,0
152,Vince Edwards,edwarvi01,SF,22,HOU,2,16,3.8,0.375,1,0,6.8,7.1,6.9,0,0,0,0,10.9,0,0,0,-0.014,-4.3,-5.5,-9.8,0
153,Henry Ellenson,ellenhe01,PF,22,TOT,19,259,13.1,0.538,0.4,0.263,2,25.5,13.4,9.6,1.3,0.7,7.8,19,0.2,0.2,0.4,0.077,-2.5,-1.6,-4,-0.1
153,Henry Ellenson,ellenhe01,PF,22,DET,2,25,14.8,0.551,0.4,0.2,0,40.9,19.7,6.2,0,0,0,18.8,0,0,0.1,0.149,-3.7,-2.9,-6.6,0
153,Henry Ellenson,ellenhe01,PF,22,NYK,17,234,12.9,0.536,0.4,0.271,2.2,23.8,12.7,10,1.4,0.7,8.6,19,0.1,0.2,0.3,0.07,-2.3,-1.4,-3.8,-0.1
154,Wayne Ellington,ellinwa01,SG,31,TOT,53,1297,11.8,0.569,0.814,0.107,1.1,7.9,4.5,8.3,2,0.4,7.7,17.2,1.3,1.4,2.6,0.097,1.2,-1,0.2,0.7
154,Wayne Ellington,ellinwa01,SG,31,MIA,25,533,10.8,0.547,0.842,0.087,1.2,8.2,4.7,7.8,2.2,0.5,6.8,16.5,0.4,0.6,1,0.091,0.5,-0.9,-0.4,0.2
154,Wayne Ellington,ellinwa01,SG,31,DET,28,764,12.5,0.584,0.795,0.121,1.1,7.7,4.3,8.6,1.9,0.3,8.3,17.7,0.9,0.7,1.6,0.102,1.7,-1.1,0.6,0.5
155,Joel Embiid,embiijo01,C,24,PHI,64,2154,26.1,0.593,0.219,0.541,8.1,34,21.4,18.4,1,4.4,13.2,33.3,4.9,3.8,8.7,0.194,2,2.1,4.1,3.3
156,James Ennis,ennisja01,SF,28,TOT,58,1230,11,0.59,0.531,0.276,5.3,10.9,8.1,4.7,1.6,1.6,9.3,12.7,1.6,1,2.6,0.103,-0.5,-0.2,-0.7,0.4
156,James Ennis,ennisja01,SF,28,HOU,40,949,11.3,0.622,0.569,0.275,4.2,9.5,6.8,4.1,2,1.4,8.9,11.9,1.4,0.8,2.2,0.112,-0.1,0.2,0.1,0.5
156,James Ennis,ennisja01,SF,28,PHI,18,281,9.9,0.51,0.434,0.277,8.9,15.4,12.2,6.7,0.5,2,10.6,15.5,0.2,0.2,0.4,0.071,-2,-1.2,-3.2,-0.1
157,Drew Eubanks,eubandr01,PF,21,SAS,23,113,15.1,0.646,0,0.5,5.8,26.8,16.4,8.3,0.9,3.7,20.1,15.5,0.1,0.2,0.3,0.12,-3.6,1.3,-2.3,0
158,Jacob Evans,evansja02,SG,21,GSW,30,204,3.5,0.374,0.283,0.019,3.3,9.5,6.5,13.7,1.2,1.2,17.1,13.5,-0.3,0.2,-0.1,-0.03,-5.9,-0.9,-6.9,-0.3
159,Jawun Evans,evansja01,PG,22,TOT,8,65,0.1,0.214,0.214,0,1.7,19,10.2,19.7,2.2,0,30,13.2,-0.2,0,-0.2,-0.151,-10.4,-0.1,-10.5,-0.1
159,Jawun Evans,evansja01,PG,22,PHO,7,64,0.7,0.231,0.154,0,1.7,19.3,10.4,20,2.2,0,31.6,12.7,-0.2,0,-0.2,-0.139,-10.1,0.1,-10,-0.1
159,Jawun Evans,evansja01,PG,22,OKC,1,1,-38.1,0,1,0,0,0,0,0,0,0,0,40.7,0,0,0,-0.946,-25.2,-13.6,-38.9,0
160,Tyreke Evans,evansty01,SG,29,IND,69,1402,11.5,0.483,0.327,0.242,2.7,13,7.9,17.5,2,1.1,13.9,26.4,-1.7,2,0.3,0.01,-3.1,-0.5,-3.6,-0.6
161,Dante Exum,exumda01,PG,23,UTA,42,664,11.2,0.516,0.257,0.357,2.7,8.3,5.5,24.1,1,0.6,15.7,21.3,0.2,0.7,1,0.069,-2.6,-1.4,-4,-0.3
162,Kenneth Faried,farieke01,C,29,TOT,37,728,21.6,0.622,0.094,0.374,14.4,23.4,18.8,4.6,1.1,2.7,9.7,20.3,2.1,0.9,2.9,0.193,-0.2,-1,-1.2,0.2
162,Kenneth Faried,farieke01,C,29,BRK,12,118,20.5,0.622,0.119,0.381,13.4,25.7,19.6,2.8,0.8,2.7,10.9,19.6,0.2,0.2,0.4,0.168,-2,-1.5,-3.5,0
162,Kenneth Faried,farieke01,C,29,HOU,25,610,21.8,0.622,0.09,0.372,14.6,23,18.7,4.9,1.2,2.6,9.4,20.4,1.8,0.7,2.5,0.198,0.1,-0.9,-0.7,0.2
163,Derrick Favors,favorde01,C,27,UTA,76,1766,21.8,0.624,0.126,0.368,12.9,21.3,17.2,8,1.5,4.8,10.5,19.4,4.4,3.5,7.9,0.215,1.1,3.2,4.3,2.8
164,Cristiano Felício,feliccr01,C,26,CHI,60,746,13.4,0.568,0.022,0.408,11.4,20.5,15.9,7.2,0.7,0.8,13.5,14.3,0.9,0.4,1.4,0.088,-2.5,-1.1,-3.5,-0.3
165,Raymond Felton,feltora01,PG,34,OKC,33,379,11.2,0.505,0.452,0.096,1.1,8.4,4.6,18.7,1.2,1.3,9,16.6,0.3,0.4,0.7,0.087,-2.3,-1.9,-4.2,-0.2
166,Terrance Ferguson,fergute01,SG,20,OKC,74,1931,6.4,0.566,0.673,0.118,1.7,6,3.8,4.8,1,0.7,9.4,10.6,1.2,1.6,2.8,0.07,-1.5,-0.5,-1.9,0
167,Yogi Ferrell,ferreyo01,PG,25,SAC,71,1067,12.7,0.55,0.423,0.19,1.2,9.5,5.3,17,1.6,0.3,9.5,16.3,1.3,0.6,1.9,0.087,-0.5,-1.8,-2.3,-0.1
168,Dorian Finney-Smith,finnedo01,SF,25,DAL,81,1985,11,0.53,0.481,0.195,7.5,13.4,10.5,6.9,1.7,1.5,11.4,14,1.2,2,3.3,0.079,-1,1.1,0.2,1.1
169,Bryn Forbes,forbebr01,SG,25,SAS,82,2293,12,0.586,0.522,0.099,0.9,10.4,5.7,10.6,1,0.1,8.8,17.4,2.5,1.3,3.8,0.079,1,-1.7,-0.7,0.7
170,Evan Fournier,fournev01,SG,26,ORL,81,2553,12.3,0.536,0.421,0.159,1.6,9.4,5.4,17.6,1.4,0.4,11.9,22.1,0.8,2.5,3.2,0.061,-0.4,-1.1,-1.5,0.3
171,De'Aaron Fox,foxde01,PG,21,SAC,81,2546,18.1,0.544,0.211,0.378,1.7,10.8,6.2,33.2,2.4,1.5,15,24.5,3.2,2.5,5.6,0.106,1.1,0,1.1,2
172,Melvin Frazier,frazime01,SG,22,ORL,10,44,1.2,0.33,0.286,0.19,7.2,4.9,6.1,3.3,1.1,0,4.2,23.5,-0.2,0,-0.1,-0.133,-8.4,-4.5,-12.9,-0.1
173,Tim Frazier,fraziti01,PG,28,TOT,59,1120,11.7,0.544,0.387,0.207,3.9,11.5,7.7,27.6,1.2,0.4,21.1,13.3,1.3,0.7,2,0.084,-1,-1.3,-2.3,-0.1
173,Tim Frazier,fraziti01,PG,28,NOP,47,909,11.6,0.552,0.395,0.21,3.7,11.8,7.8,28,1.3,0.4,22,12.3,1.1,0.4,1.5,0.081,-0.9,-1.3,-2.2,0
173,Tim Frazier,fraziti01,PG,28,MIL,12,211,11.8,0.523,0.364,0.197,4.6,10,7.5,26,1.1,0.4,18.2,17.4,0.2,0.3,0.4,0.097,-1.7,-1,-2.7,0
174,Jimmer Fredette,fredeji01,SG,29,PHO,6,65,3.6,0.348,0.448,0.207,1.7,10.4,6,17.5,2.2,0,13.6,24.2,-0.2,0,-0.2,-0.166,-7.6,-3.5,-11.1,-0.1
175,Channing Frye,fryech01,C,35,CLE,36,341,8.9,0.524,0.675,0.12,1.2,16.4,8.5,8.6,0.9,1.3,9.5,17.5,0.1,0,0.1,0.016,-1.9,-2.9,-4.8,-0.2
176,Markelle Fultz,fultzma01,SG,20,PHI,19,427,10.5,0.452,0.09,0.239,6.6,10.6,8.7,19.5,1.9,0.9,12.7,19.3,-0.1,0.4,0.3,0.035,-2.9,-0.1,-3.1,-0.1
177,Danilo Gallinari,gallida01,SF,30,LAC,68,2059,21,0.633,0.421,0.459,2.9,18.1,10.7,13.2,1.1,0.9,8.5,23.8,6.4,1.8,8.2,0.191,4.2,-1.2,2.9,2.6
178,Langston Galloway,gallola01,SG,27,DET,80,1745,10.7,0.534,0.647,0.164,3,7.9,5.4,7.3,1,0.4,3.7,16.1,2.1,1.3,3.4,0.094,0.2,-1.6,-1.3,0.3
179,Billy Garrett,garrebi01,SG,24,NYK,4,63,9.8,0.452,0.296,0.148,0,5.1,2.5,18,0.8,1.3,6.5,20.9,0,0,0,-0.019,-4,-4.4,-8.4,-0.1
180,Marc Gasol,gasolma01,C,34,TOT,79,2436,16.7,0.546,0.314,0.291,3.6,25.1,14.3,22.2,1.7,3.2,13.6,20.7,2,4,6,0.118,-0.3,3.1,2.8,3
180,Marc Gasol,gasolma01,C,34,MEM,53,1788,16.9,0.541,0.324,0.294,3.5,25.5,14.3,22.6,1.7,3.3,13.4,22.3,1,2.8,3.9,0.104,-0.3,3,2.7,2.1
180,Marc Gasol,gasolma01,C,34,TOR,26,648,16,0.565,0.278,0.278,4.1,24,14.3,21.2,1.8,2.9,14.6,16.3,0.9,1.2,2.1,0.157,-0.3,3.5,3.2,0.9
181,Pau Gasol,gasolpa01,C,38,TOT,30,360,16.7,0.529,0.138,0.426,6.7,34.2,20.6,19.1,0.7,3.5,12.5,15.6,0.5,0.5,1.1,0.142,-2.1,2.7,0.6,0.2
181,Pau Gasol,gasolpa01,C,38,SAS,27,330,18,0.544,0.114,0.432,7.3,34.4,21,20.2,0.7,3.6,11.8,15.8,0.6,0.5,1.1,0.16,-1.4,2.8,1.5,0.3
181,Pau Gasol,gasolpa01,C,38,MIL,3,30,1.7,0.291,0.5,0.333,0,31.9,16.9,7.7,0,2.8,22.5,12.4,-0.1,0.1,0,-0.063,-10.7,1.6,-9.1,-0.1
182,Rudy Gay,gayru01,PF,32,SAS,69,1842,17.5,0.583,0.247,0.197,3.8,23.9,13.9,14.7,1.4,1.6,12.3,22.1,2.2,2.2,4.4,0.115,0.2,0.8,1,1.4
183,Paul George,georgpa01,SF,28,OKC,77,2841,23.3,0.583,0.469,0.335,3.7,19.6,11.4,17.7,2.8,1,10,29.5,7,4.9,11.9,0.201,4.7,0.7,5.5,5.3
184,Taj Gibson,gibsota01,PF,33,MIN,70,1686,17.8,0.612,0.063,0.33,10.8,18.3,14.5,7.3,1.5,2,10.6,17.2,3.7,1.4,5.1,0.144,0.8,0.2,1,1.3
185,Harry Giles,gilesha01,PF,20,SAC,58,820,14.4,0.526,0.017,0.261,8.1,20.1,14,15.2,1.8,2.3,15.8,23.2,0,1,1,0.056,-3,0.9,-2.1,0
186,Shai Gilgeous-Alexander,gilgesh01,PG,20,LAC,82,2174,13.4,0.554,0.194,0.272,2.9,8.3,5.7,17.8,2.1,1.6,15,18.3,1.5,1.9,3.3,0.074,-0.6,0.2,-0.3,0.9
187,Rudy Gobert,goberru01,C,26,UTA,81,2577,24.6,0.682,0,0.733,13.2,30.2,21.9,9.6,1.2,5.8,12.1,17.8,8.7,5.7,14.4,0.268,2,5.1,7,5.9
188,Brandon Goodwin,goodwbr01,PG,23,DEN,16,57,8.3,0.413,0.261,0.478,1.9,3.8,2.8,32.1,0,0,9.7,23.1,0,0,0,0.021,-4.5,-6.4,-10.9,-0.1
189,Aaron Gordon,gordoaa01,PF,23,ORL,78,2633,15.1,0.538,0.332,0.242,5.2,18.4,11.7,16.6,1.1,1.8,12.3,21.8,1.8,3.3,5.1,0.093,-0.2,1.2,1,2
190,Eric Gordon,gordoer01,SG,30,HOU,68,2158,12.2,0.549,0.64,0.162,0.9,6.9,3.8,9.4,0.9,1.1,8.2,22,1.7,1,2.6,0.059,0,-2.9,-2.9,-0.5
191,Marcin Gortat,gortama01,C,34,LAC,47,751,12.8,0.562,0,0.258,9.8,26.5,18.4,12,0.4,2.5,19.4,14.4,0.6,0.8,1.4,0.089,-2.5,1.4,-1.1,0.2
192,Devonte' Graham,grahade01,PG,23,CHO,46,676,10.3,0.459,0.56,0.213,1.6,8.6,5,24.8,1.7,0.3,11.3,17,0.2,0.3,0.5,0.035,-1.6,-2.7,-4.3,-0.4
193,Treveon Graham,grahatr01,SG,25,BRK,35,715,6.1,0.458,0.67,0.115,3.4,12.3,7.9,6.5,0.9,0.8,7.8,12.8,-0.1,0.6,0.5,0.033,-2.8,-0.1,-2.9,-0.2
194,Jerami Grant,grantje01,PF,24,OKC,80,2612,13.8,0.592,0.356,0.269,3.7,13.1,8.2,4.2,1.1,3.2,6.8,15.4,4,3.3,7.3,0.134,-0.6,0.9,0.3,1.5
195,Jerian Grant,grantje02,PG,26,ORL,60,939,10.8,0.526,0.5,0.182,2.1,9.1,5.6,22.4,2.3,0.5,17.7,13.4,0.5,1.1,1.7,0.085,-1.9,-0.1,-2,0
196,Donte Grantham,grantdo01,SF,23,OKC,3,2,-38.1,0,1,0,0,0,0,0,0,0,0,40.7,0,0,0,-0.946,-25.2,-13.6,-38.9,0
197,Danny Green,greenda02,SG,31,TOR,80,2216,13,0.632,0.69,0.07,3,12.2,7.7,7.7,1.6,2,10.4,14.1,3,2.9,5.9,0.128,1.7,1.2,2.9,2.7
198,Draymond Green,greendr01,PF,28,GSW,66,2065,12.9,0.526,0.391,0.216,3.2,20.8,12.4,26.8,2.2,2.8,26.8,13.1,1.1,3.2,4.3,0.1,-1.4,3.4,2,2.1
199,Gerald Green,greenge01,SG,33,HOU,73,1473,11.4,0.555,0.763,0.118,2.2,11.7,6.8,4.1,1.1,1.6,8.3,19.5,0.9,1,1.9,0.061,-0.8,-2.6,-3.4,-0.5
200,JaMychal Green,greenja01,PF,28,TOT,65,1371,14.7,0.587,0.37,0.212,8.3,24.3,16.4,5.8,1.6,2.3,14.3,19.4,0.9,1.9,2.9,0.101,-1.5,0,-1.5,0.2
200,JaMychal Green,greenja01,PF,28,MEM,41,900,14.9,0.58,0.308,0.256,8.8,22.8,15.7,6.5,1.8,2.7,15.6,20.4,0.4,1.4,1.8,0.094,-2.1,0.6,-1.4,0.1
200,JaMychal Green,greenja01,PF,28,LAC,24,471,14.3,0.6,0.488,0.128,7.4,27.3,17.7,4.3,1.2,1.3,11.7,17.6,0.5,0.6,1.1,0.113,-0.4,-1.3,-1.7,0
201,Jeff Green,greenje02,PF,32,WAS,77,2097,13.6,0.608,0.466,0.3,2.9,13.3,8,9.2,1,1.6,11.5,17.8,2.8,0.8,3.6,0.083,0.2,-1.4,-1.2,0.4
202,Blake Griffin,griffbl01,PF,29,DET,75,2622,21,0.581,0.389,0.41,4,20.1,11.8,27.1,1,0.9,13.8,30.2,5.1,2.9,8,0.147,4.2,0.4,4.6,4.4
203,Daniel Hamilton,hamilda02,SG,23,ATL,19,204,7.1,0.455,0.383,0.1,5,19.5,12.1,14.5,1.4,0.4,20.3,15.7,-0.2,0.1,-0.1,-0.024,-5,-0.9,-5.8,-0.2
204,Dusty Hannahs,hannadu01,SG,25,MEM,2,26,4.5,0.311,0.417,0.167,0,4.4,2.2,28.8,1.9,0,7.2,23.9,-0.1,0,-0.1,-0.125,-7.2,-5.1,-12.2,-0.1
205,Tim Hardaway,hardati02,SG,26,TOT,65,2057,13.6,0.527,0.48,0.278,1.7,9.8,5.7,12.8,1.3,0.3,8.6,25.4,1,0.9,1.8,0.043,0.5,-2.9,-2.4,-0.2
205,Tim Hardaway,hardati02,SG,26,NYK,46,1499,14.4,0.531,0.464,0.321,1.8,9.7,5.6,13.5,1.4,0.3,8.9,25.9,1,0.5,1.5,0.048,0.9,-3,-2,0
205,Tim Hardaway,hardati02,SG,26,DAL,19,558,11.6,0.514,0.524,0.161,1.4,10.3,5.9,10.9,1,0.3,7.7,23.9,0,0.4,0.4,0.03,-0.8,-2.5,-3.3,-0.2
206,James Harden,hardeja01,PG,29,HOU,78,2867,30.6,0.616,0.539,0.449,2.5,17.8,10,39.5,2.7,1.7,14.5,40.5,11.4,3.8,15.2,0.254,10.5,1.1,11.7,9.9
207,Maurice Harkless,harklma01,SF,25,POR,60,1415,13.2,0.547,0.309,0.188,5.9,14.1,10.1,7.1,2.3,3,9.7,13.9,1.5,1.9,3.4,0.114,-0.1,2.3,2.2,1.5
208,Montrezl Harrell,harremo01,C,25,LAC,82,2158,23.4,0.636,0.019,0.466,9.3,16.7,13.1,12.5,1.6,4,11,23.5,6.1,2.6,8.7,0.193,2.6,1.6,4.2,3.4
209,Devin Harris,harride01,PG,35,DAL,68,1071,10.7,0.527,0.576,0.386,1.2,9.9,5.6,16.7,1.6,1.3,12.1,18.5,0.6,0.9,1.5,0.068,-1.3,-0.9,-2.2,-0.1
210,Gary Harris,harriga01,SG,24,DEN,57,1639,12.2,0.526,0.38,0.226,2.7,7.9,5.3,11,1.6,1,8.9,20,1.1,1.5,2.6,0.076,-0.7,-1,-1.8,0.1
211,Joe Harris,harrijo01,SG,27,BRK,76,2293,13.5,0.645,0.516,0.178,2.4,10.9,6.7,11.9,0.8,0.6,13,17,3.8,1.7,5.5,0.116,1.4,-0.5,1,1.7
212,Tobias Harris,harrito02,PF,26,TOT,82,2847,17.2,0.592,0.313,0.245,2.6,20.8,12,12.5,0.8,1,9.8,22.8,4.5,2.6,7.1,0.12,1.1,-0.6,0.5,1.8
212,Tobias Harris,harrito02,PF,26,LAC,55,1903,18.2,0.605,0.302,0.256,2.1,21.3,12,12.5,1,1,10.3,23.5,3.2,1.8,5,0.127,1.6,-0.5,1.1,1.5
212,Tobias Harris,harrito02,PF,26,PHI,27,944,15.3,0.562,0.338,0.221,3.7,19.7,11.9,12.6,0.6,1.1,8.8,21.3,1.2,0.9,2.1,0.105,0.1,-0.8,-0.7,0.3
213,Andrew Harrison,harrian01,PG,24,TOT,17,187,5.8,0.443,0.472,0.34,3.4,8.5,5.8,17.1,1.1,0.9,16.5,16.8,-0.1,0,-0.1,-0.027,-3.8,-2.7,-6.6,-0.2
213,Andrew Harrison,harrian01,PG,24,MEM,1,5,4.6,0.5,0.5,0,0,0,0,0,0,0,0,17.9,0,0,0,-0.013,-4.1,-6.2,-10.3,0
213,Andrew Harrison,harrian01,PG,24,CLE,10,144,6.6,0.467,0.359,0.41,3,8.9,5.8,16.3,1.4,1.2,17.8,17,-0.1,0,-0.1,-0.022,-4,-2.2,-6.2,-0.2
213,Andrew Harrison,harrian01,PG,24,NOP,6,38,3.1,0.349,0.833,0.167,5.5,8.1,6.8,22.3,0,0,13.4,16.1,0,0,0,-0.051,-3.1,-4.3,-7.4,-0.1
214,Shaquille Harrison,harrish01,SG,25,CHI,73,1430,12.4,0.494,0.209,0.289,2.5,14.5,8.4,14.1,3,1.8,11.1,16.5,-0.1,1.6,1.4,0.048,-2.7,1.4,-1.3,0.2
215,Josh Hart,hartjo01,SG,23,LAL,67,1715,9.3,0.526,0.591,0.172,2.2,12.6,7.5,7,1.7,1.9,10.4,13.5,0.2,1.9,2.1,0.059,-1.8,1.1,-0.7,0.6
216,Isaiah Hartenstein,harteis01,PF,20,HOU,28,221,10,0.562,0.146,0.341,10.3,13.3,11.8,9.4,1.6,4.6,21.6,11.8,0.2,0.3,0.5,0.101,-3,2.4,-0.6,0.1
217,Udonis Haslem,hasleud01,C,38,MIA,10,74,3.6,0.36,0.364,0.121,4.3,34.5,19.4,4,0,0,7.9,21.9,-0.2,0.1,-0.1,-0.075,-10.2,-3.9,-14.1,-0.2
218,Gordon Hayward,haywago01,PF,28,BOS,72,1863,15.6,0.575,0.364,0.294,2.9,15.5,9.2,18.4,1.6,1.1,12.8,19,2.6,2.3,4.9,0.126,0.1,0.4,0.5,1.2
219,John Henson,hensojo01,C,28,MIL,14,188,17.1,0.553,0.463,0.149,9.2,28,19.2,10.1,1.7,4.9,14.4,18.6,0.1,0.4,0.6,0.146,-1.8,3.1,1.3,0.2
220,Juan Hernangómez,hernaju01,PF,23,DEN,70,1358,11,0.58,0.576,0.274,5.1,16.1,10.6,5.3,1,1.6,9.5,12.2,1.6,1.4,3,0.105,-0.9,0,-0.9,0.4
221,Willy Hernangómez,hernawi01,C,24,CHO,58,812,20.4,0.587,0.132,0.488,15.3,26.3,20.7,11.5,1,2.1,13.9,22.1,1.8,0.8,2.6,0.153,0.2,-0.4,-0.2,0.4
222,Mario Hezonja,hezonma01,SF,23,NYK,58,1206,10.8,0.497,0.328,0.246,2.4,18.7,10.4,11.5,2.3,0.6,14.6,21.3,-1.1,1.1,-0.1,-0.003,-3.6,-0.4,-4,-0.6
223,Isaiah Hicks,hicksis01,PF,24,NYK,3,32,17.4,0.588,0,0.625,6.4,16.7,11.4,9.4,1.5,7.9,8.9,15,0.1,0,0.1,0.153,-2.6,3.2,0.6,0
224,Buddy Hield,hieldbu01,SG,26,SAC,82,2615,17.5,0.587,0.479,0.142,4.1,12.4,8.1,11.9,1,1.1,9.2,25.1,4.3,1.6,5.9,0.108,3.1,-2,1.1,2.1
225,Haywood Highsmith,highsha01,SF,22,PHI,5,40,4.5,0.414,0.5,0.2,0,12.9,6.6,6.6,1.2,0,8.4,12.4,0,0,0,-0.023,-5.5,-1.8,-7.3,-0.1
226,Nenê Hilário,hilarne01,C,36,HOU,42,546,11.9,0.552,0.026,0.405,6.7,18.4,12.5,6.8,1.6,2.3,7.4,11.7,0.8,0.6,1.4,0.123,-3,1.1,-2,0
227,George Hill,hillge01,PG,32,TOT,60,1302,12.1,0.554,0.407,0.226,3.2,8.3,5.9,14,1.9,0.5,11,15.1,1.5,1.3,2.8,0.103,-0.6,-0.4,-1,0.3
227,George Hill,hillge01,PG,32,CLE,13,344,13.5,0.604,0.262,0.187,3.7,5.1,4.4,16.2,1.7,0.3,14.7,17.3,0.5,0,0.5,0.066,0.3,-2.6,-2.3,0
227,George Hill,hillge01,PG,32,MIL,47,958,11.6,0.534,0.465,0.242,3,9.4,6.4,13.3,1.9,0.6,9.4,14.4,1,1.4,2.3,0.117,-0.9,0.4,-0.5,0.4
228,Solomon Hill,hillso01,SF,27,NOP,44,878,6.8,0.497,0.567,0.18,4.1,11.5,7.8,7.6,1.2,0.9,13.9,10.4,0.1,0.4,0.5,0.029,-2.1,-0.2,-2.3,-0.1
229,Aaron Holiday,holidaa01,PG,22,IND,50,646,11.9,0.518,0.485,0.191,0.9,10.4,5.8,19.3,1.6,1.8,12.3,21.9,0.1,0.8,0.9,0.065,-1.5,-1.1,-2.6,-0.1
230,Jrue Holiday,holidjr01,SG,28,NOP,67,2402,19.4,0.555,0.313,0.234,3.3,11,7.2,31.8,2.1,1.8,14.1,25.4,3.5,1.9,5.4,0.108,2.9,-0.1,2.8,2.9
231,Justin Holiday,holidju01,SG,29,TOT,82,2607,10,0.52,0.598,0.136,1.9,11.9,6.8,8.1,2.3,1.2,11.2,15.7,-0.4,2.5,2.1,0.038,-1.3,0.6,-0.8,0.8
231,Justin Holiday,holidju01,SG,29,CHI,38,1325,11,0.531,0.685,0.117,1.5,12.4,6.9,9.1,2.5,1.4,10.2,15.2,0.2,1.1,1.3,0.047,-0.1,0.8,0.7,0.9
231,Justin Holiday,holidju01,SG,29,MEM,44,1282,8.9,0.509,0.509,0.157,2.3,11.3,6.7,7.1,2.1,1.1,12.2,16.3,-0.6,1.4,0.8,0.029,-2.6,0.3,-2.2,-0.1
232,John Holland,hollajo02,SF,30,CLE,1,1,0,,,,0,0,0,0,0,0,,0,0,0,0,-0.032,-6.3,-1,-7.3,0
233,Rondae Hollis-Jefferson,holliro01,SF,24,BRK,59,1234,12.5,0.464,0.101,0.376,7.1,19.2,13.2,11.7,1.7,1.7,10.7,21.6,-0.5,1.7,1.2,0.047,-4.3,1.2,-3,-0.3
234,Richaun Holmes,holmeri01,C,25,PHO,70,1184,20.7,0.647,0,0.479,10.6,20.5,15.5,7.9,1.7,5.6,10.5,17.9,3.1,1.1,4.3,0.173,-0.1,1.5,1.4,1
235,Rodney Hood,hoodro01,SG,26,TOT,72,1893,12.3,0.545,0.352,0.231,1.4,7.9,4.6,10,1.5,0.5,6.9,18.1,2.1,0.5,2.6,0.065,-0.2,-2.1,-2.4,-0.2
235,Rodney Hood,hoodro01,SG,26,CLE,45,1234,13,0.542,0.335,0.251,1.6,8.8,5,11.5,1.5,0.4,6.7,19.1,1.5,0,1.5,0.059,-0.1,-2.6,-2.7,-0.2
235,Rodney Hood,hoodro01,SG,26,POR,27,659,10.9,0.549,0.387,0.189,1.2,6,3.6,7.1,1.5,0.9,7.5,16.3,0.6,0.5,1.1,0.077,-0.5,-1.2,-1.7,0
236,Al Horford,horfoal01,C,32,BOS,68,1973,20.2,0.605,0.281,0.131,6.5,18.3,12.4,21.2,1.4,3.9,11.8,18.9,4.5,2.9,7.5,0.181,2.1,2.7,4.8,3.4
237,Danuel House,houseda01,SF,25,HOU,39,979,12.2,0.646,0.706,0.282,2.8,13.3,7.9,5.9,1.1,1,11,14.1,1.6,0.7,2.3,0.113,0.4,-1.1,-0.6,0.3
238,Dwight Howard,howardw01,C,33,WAS,9,230,17.4,0.638,0,0.696,11.1,28.3,19.6,2.6,1.4,1.5,15.1,19.6,0.4,0.2,0.6,0.124,-2.9,-2.3,-5.2,-0.2
239,Kevin Huerter,huertke01,SG,20,ATL,75,2048,10.1,0.533,0.537,0.085,3,9.7,6.3,14.5,1.5,1.1,13.8,15.7,0.7,0.7,1.5,0.034,-0.9,-1,-1.9,0.1
240,Isaac Humphries,humphis01,C,21,ATL,5,56,3.4,0.357,0.524,0,7.4,13.4,10.3,0,0.8,0,0,15.2,-0.1,0,-0.1,-0.047,-6.5,-6.3,-12.8,-0.2
241,R.J. Hunter,hunterj01,SG,25,BOS,1,26,21.5,0.612,0.769,0.154,4.1,8.2,6.2,18,1.9,0,0,23,0.1,0,0.1,0.226,7,-3.7,3.4,0
242,Chandler Hutchison,hutchch01,SF,22,CHI,44,895,8.8,0.507,0.239,0.182,3.7,18.9,11.2,5.3,1.2,0.6,10,12.2,0,0.6,0.6,0.03,-3.9,-0.4,-4.3,-0.5
243,Serge Ibaka,ibakase01,C,29,TOR,74,2010,18.7,0.582,0.193,0.202,8.6,23.2,16.1,7.7,0.7,4.3,10.7,22.9,2.8,3.3,6.1,0.146,-0.7,1.2,0.5,1.3
244,Andre Iguodala,iguodan01,SF,35,GSW,68,1578,13.1,0.587,0.477,0.222,3.4,13.2,8.5,16.8,1.8,2.7,13.6,10.4,2.4,1.8,4.2,0.129,0.2,1.7,1.9,1.6
245,Ersan İlyasova,ilyaser01,PF,31,MIL,67,1231,11.6,0.548,0.42,0.194,8.2,16.2,12.5,5.5,1.2,1.4,10.4,15.7,1.2,1.9,3,0.119,-1.5,0.1,-1.3,0.2
246,Joe Ingles,inglejo01,PF,31,UTA,82,2568,13.4,0.581,0.602,0.153,1.5,12.2,7,26.1,1.8,0.6,18.4,17.5,2.5,3.6,6,0.113,1,0.8,1.8,2.5
247,Andre Ingram,ingraan01,SG,33,LAL,4,15,-11.9,0,0.5,0,7,6.7,6.9,0,3.1,0,14.3,19.3,-0.1,0,-0.1,-0.408,-16.9,-3,-19.9,-0.1
248,Brandon Ingram,ingrabr01,SF,21,LAL,52,1760,13.4,0.555,0.129,0.396,2.5,13,7.8,12.9,0.7,1.4,13.1,23.2,0.6,1.4,2,0.055,-2.2,-0.6,-2.8,-0.3
249,Kyrie Irving,irvinky01,PG,26,BOS,67,2214,24.3,0.592,0.35,0.197,3.4,12.7,8.1,35,2.2,1.4,11.3,29.6,6.2,2.9,9.1,0.197,6,0.4,6.4,4.7
250,Jonathan Isaac,isaacjo01,PF,21,ORL,75,1996,13,0.537,0.435,0.221,5.2,17,11,5.7,1.4,4.1,10.1,16.3,0.9,3.1,4,0.096,-1.9,2,0.1,1.1
251,Wesley Iwundu,iwundwe01,SF,24,ORL,68,1233,8.7,0.531,0.288,0.376,3.2,13,8,7.9,1.1,1.5,12.1,12.8,0.5,1.4,1.9,0.073,-3.4,0.7,-2.7,-0.2
252,Demetrius Jackson,jacksde01,PG,24,PHI,6,39,21,0.656,0.4,0.267,5.6,2.6,4.1,19.6,2.4,0,5.6,19.1,0.2,0,0.2,0.231,4.4,-3.4,1,0
253,Frank Jackson,jacksfr01,PG,20,NOP,61,1169,9.4,0.517,0.378,0.163,2.2,9.5,5.9,8,1,0.1,9.1,18.5,0.1,0.4,0.4,0.018,-2.2,-2.8,-5,-0.9
254,Jaren Jackson,jacksja02,PF,19,MEM,58,1515,16.4,0.591,0.241,0.334,5.3,15,10.1,7.2,1.7,5.1,12.7,22.8,1.2,2.2,3.3,0.105,-1.4,1.4,0.1,0.8
255,Josh Jackson,jacksjo02,SG,21,PHO,79,1988,10.6,0.487,0.268,0.253,3.6,15.9,9.7,14.1,1.8,2.3,15.6,23.9,-2.8,1.1,-1.7,-0.04,-4.3,-0.5,-4.8,-1.4
256,Justin Jackson,jacksju01,SF,23,TOT,81,1614,11.3,0.561,0.505,0.163,2.8,11,6.9,8.1,0.9,0.7,5.3,14.3,2,0.9,2.9,0.086,-0.4,-1.2,-1.6,0.2
256,Justin Jackson,jacksju01,SF,23,SAC,52,1083,10.1,0.546,0.539,0.169,2.3,11.8,6.9,8,1,1,6.5,12.9,1,0.6,1.6,0.072,-0.9,-0.7,-1.6,0.1
256,Justin Jackson,jacksju01,SF,23,DAL,29,531,13.9,0.584,0.453,0.153,3.9,9.4,6.7,8.4,0.8,0.2,3.3,17,1,0.3,1.3,0.114,0.7,-2.1,-1.4,0.1
257,Reggie Jackson,jacksre01,PG,28,DET,82,2289,15.2,0.547,0.45,0.225,2.1,8.5,5.2,24.7,1.2,0.3,11.4,24.5,3.1,1.9,5,0.105,1.8,-2,-0.3,1
258,LeBron James,jamesle01,SF,34,LAL,55,1937,25.6,0.588,0.299,0.382,3.1,21.3,12.4,39.4,1.7,1.4,13.3,31.6,4.7,2.6,7.2,0.179,6.2,1.9,8.1,4.9
259,Amile Jefferson,jeffeam01,PF,25,ORL,12,68,21.1,0.692,0,0.5,9.3,24,16.5,6.4,2.2,3.7,4.9,13.1,0.2,0.1,0.4,0.258,-0.2,2.3,2.1,0.1
260,John Jenkins,jenkijo01,SG,27,TOT,26,333,9.7,0.536,0.552,0.171,1.8,10,5.8,9.9,0,0.5,7.4,15.7,0.2,0,0.2,0.031,-1.7,-3.6,-5.2,-0.3
260,John Jenkins,jenkijo01,SG,27,WAS,4,14,20.5,1.5,1,0,0,7.9,3.9,9.9,0,0,0,6.1,0.1,0,0.1,0.202,7.4,-5.3,2.2,0
260,John Jenkins,jenkijo01,SG,27,NYK,22,319,9.3,0.518,0.544,0.175,1.9,10.1,5.9,9.9,0,0.5,7.5,16.1,0.2,0,0.2,0.024,-2.1,-3.5,-5.6,-0.3
261,Jonas Jerebko,jerebjo01,PF,31,GSW,73,1218,13.5,0.588,0.53,0.225,6.6,18.1,12.6,10.1,1.1,1.2,9.9,15.2,2.1,1.2,3.3,0.13,0.6,-0.6,0,0.6
262,Alize Johnson,johnsal02,PF,22,IND,14,64,6.3,0.333,0.125,0.5,7.1,25.5,16.5,2,0.8,4.2,0,13.3,-0.1,0.1,0,0.027,-8.3,0.2,-8.1,-0.1
263,Amir Johnson,johnsam01,C,31,PHI,51,529,13.1,0.574,0.255,0.261,9.7,19.5,14.7,16,1.4,1.9,20.5,17.4,0.4,0.7,1.1,0.098,-1.4,0.6,-0.7,0.2
264,B.J. Johnson,johnsbj01,SF,23,TOT,7,49,12.8,0.609,0.389,0.111,4.2,13.2,8.6,0,1.9,0,9.6,17.4,0,0,0.1,0.066,-3.1,-5.4,-8.5,-0.1
264,B.J. Johnson,johnsbj01,SF,23,ATL,6,43,14,0.622,0.375,0.125,4.8,15,9.8,0,2.1,0,10.6,17.9,0,0,0.1,0.076,-3.1,-5.4,-8.5,-0.1
264,B.J. Johnson,johnsbj01,SF,23,SAC,1,6,3.7,0.5,0.5,0,0,0,0,0,0,0,0,13.8,0,0,0,-0.008,-3.6,-5.1,-8.7,0
265,James Johnson,johnsja01,PF,31,MIA,55,1164,10.9,0.522,0.393,0.185,2,14.1,8,17,1.5,2.1,15.3,17.8,0,1.5,1.5,0.062,-2.5,0.9,-1.6,0.1
266,Stanley Johnson,johnsst04,SF,22,TOT,66,1208,9.6,0.485,0.489,0.145,3,16.9,9.7,10.6,2.4,1,14.7,19.4,-1.1,1.6,0.5,0.021,-3.2,0.6,-2.6,-0.2
266,Stanley Johnson,johnsst04,SF,22,DET,48,961,9.8,0.482,0.519,0.146,2.7,17.7,9.9,9.4,2.5,1.1,12.9,19.1,-0.7,1.4,0.7,0.034,-3,0.9,-2.1,0
266,Stanley Johnson,johnsst04,SF,22,NOP,18,247,8.9,0.496,0.374,0.143,3.8,13.7,8.8,15.1,2.3,0.3,21.2,20.4,-0.3,0.2,-0.1,-0.028,-3.8,-0.9,-4.7,-0.2
267,Tyler Johnson,johnsty01,PG,26,TOT,57,1529,12.4,0.532,0.494,0.241,2.4,9.8,6.1,15.9,1.7,1.6,11.7,18.5,0.9,1.4,2.3,0.071,-0.6,-0.4,-1,0.4
267,Tyler Johnson,johnsty01,PG,26,MIA,44,1123,12.3,0.54,0.509,0.219,1.8,9.7,5.7,14.9,1.7,1.7,12.5,19.2,0.5,1.3,1.8,0.075,-0.7,0,-0.8,0.3
267,Tyler Johnson,johnsty01,PG,26,PHO,13,406,12.8,0.506,0.448,0.312,4,10.3,7.1,18.6,1.6,1.2,9,16.5,0.4,0.1,0.5,0.06,-0.4,-1.3,-1.7,0
268,Wesley Johnson,johnswe01,SF,31,TOT,38,534,5.5,0.469,0.594,0.148,2.4,11.7,7.1,5.3,1.2,1.9,11.7,12,-0.3,0.3,0,0.001,-3.6,-0.7,-4.3,-0.3
268,Wesley Johnson,johnswe01,SF,31,NOP,26,377,6.9,0.517,0.568,0.102,2.8,11.9,7.4,5.2,1.5,1.5,11.5,11.3,0,0.2,0.3,0.032,-2.5,-0.4,-2.9,-0.1
268,Wesley Johnson,johnswe01,SF,31,WAS,12,157,2,0.372,0.65,0.25,1.4,11.2,6.2,5.6,0.6,2.7,11.9,13.6,-0.3,0,-0.2,-0.075,-6.3,-1.5,-7.7,-0.2
269,Nikola Jokić,jokicni01,C,23,DEN,80,2504,26.3,0.589,0.224,0.292,9.8,27.6,18.7,37,2.1,1.9,15.4,27.4,7.5,4.3,11.8,0.226,5.7,3.8,9.5,7.3
270,Damian Jones,jonesda03,C,23,GSW,24,410,15.3,0.72,0,0.5,8.4,11,9.8,8.7,1.4,5.1,15.1,11.1,1,0.5,1.5,0.173,0.5,2.5,3,0.5
271,Derrick Jones,jonesde02,SF,21,MIA,60,1153,14,0.559,0.281,0.377,8.8,13.3,11.1,4.7,1.9,3.3,10.2,15.6,1.2,1.7,2.9,0.121,-1.3,1.5,0.2,0.6
272,Jalen Jones,jonesja04,SF,25,CLE,16,214,11.7,0.548,0.452,0.435,5.5,12.5,8.8,4.8,2.1,0.8,9.8,16.7,0.2,0.1,0.3,0.056,-1.2,-2.2,-3.4,-0.1
273,Jemerrio Jones,jonesje01,SF,23,LAL,6,143,12.1,0.398,0.303,0.061,11.8,23.4,17.7,11.4,2.3,2.9,12.9,11.3,0,0.2,0.2,0.084,-2.9,3.7,0.8,0.1
274,Terrence Jones,joneste01,PF,27,HOU,2,5,-15.8,0.225,0.5,0.25,0,90.3,44.2,0,0,0,18.4,47.2,-0.1,0,-0.1,-0.661,-36.1,-16.2,-52.3,-0.1
275,Tyus Jones,jonesty01,PG,22,MIN,68,1560,13.7,0.491,0.283,0.155,1.6,7.7,4.6,28.3,2.5,0.3,9,14.1,2.1,0.9,3,0.091,-0.3,-1.5,-1.8,0.1
276,DeAndre Jordan,jordade01,C,30,TOT,69,2047,19,0.674,0,0.592,11.7,35.2,23.5,11.6,1,3,21.4,15,4,3.1,7.1,0.167,-0.9,3.3,2.4,2.3
276,DeAndre Jordan,jordade01,C,30,DAL,50,1554,18,0.672,0,0.613,11.2,35.9,23.6,9.5,1,2.9,21.3,14.4,2.7,2.5,5.3,0.162,-1.4,3.4,2,1.6
276,DeAndre Jordan,jordade01,C,30,NYK,19,493,22.1,0.681,0,0.537,13.3,33,22.9,18.2,0.9,3.4,21.6,16.8,1.3,0.6,1.9,0.181,0.6,2.9,3.6,0.7
277,Cory Joseph,josepco01,PG,27,IND,82,2063,11,0.474,0.312,0.078,2.1,12.6,7.5,20.7,2.2,0.9,12.4,13.7,0.5,2.9,3.5,0.081,-2,1.4,-0.5,0.8
278,Frank Kaminsky,kaminfr01,C,25,CHO,47,755,16.8,0.587,0.466,0.359,5.5,18.1,11.7,12.9,0.8,1.4,10.6,22.1,1.3,0.5,1.8,0.114,1.1,-1.9,-0.9,0.2
279,Enes Kanter,kanteen01,C,26,TOT,67,1640,22.3,0.594,0.05,0.288,16.4,26.1,21.1,12.1,0.9,1.3,13.3,23.1,3.9,1.6,5.4,0.159,1.5,-0.2,1.3,1.4
279,Enes Kanter,kanteen01,C,26,NYK,44,1128,21.8,0.585,0.047,0.276,15.5,27.5,21.4,13.1,0.8,1.3,13.1,22.9,2.4,0.9,3.4,0.143,1,-0.2,0.8,0.8
279,Enes Kanter,kanteen01,C,26,POR,23,512,23.5,0.614,0.056,0.316,18.3,22.8,20.6,9.9,1.3,1.4,13.7,23.4,1.5,0.6,2.1,0.196,2.5,-0.3,2.3,0.6
280,Luke Kennard,kennalu01,SG,22,DET,63,1437,11.9,0.56,0.517,0.117,0.9,13.5,7,12.3,0.9,0.6,9.4,18.1,1.3,1.3,2.5,0.085,-0.5,-1,-1.5,0.2
281,Michael Kidd-Gilchrist,kiddgmi01,PF,25,CHO,64,1179,13.3,0.553,0.142,0.37,7.9,14.8,11.3,7.4,1.3,2.9,10,15.7,1.5,1,2.5,0.1,-1.7,0.4,-1.3,0.2
282,George King,kingge03,SF,25,PHO,1,6,1.9,,,,0,18.8,9.2,0,0,0,,0,0,0,0,-0.001,-8.8,-1.8,-10.6,0
283,Maxi Kleber,klebima01,PF,27,DAL,71,1502,13.1,0.579,0.565,0.192,6.5,16.9,11.7,6.8,1.2,4.4,11.4,13.5,1.6,1.8,3.5,0.111,-0.8,2.3,1.5,1.3
284,Brandon Knight,knighbr03,PG,27,TOT,39,736,8.9,0.484,0.496,0.131,1.4,7.7,4.4,14.4,1.4,0.2,9.8,18.1,-0.1,0,0,-0.002,-1.9,-3.1,-5,-0.6
284,Brandon Knight,knighbr03,PG,27,HOU,12,118,0.8,0.347,0.681,0.234,0.9,7.7,4.2,10.6,0.8,0,8.8,20.9,-0.3,0,-0.3,-0.113,-6.9,-4.4,-11.3,-0.3
284,Brandon Knight,knighbr03,PG,27,CLE,27,618,10.5,0.515,0.455,0.108,1.5,7.7,4.5,15.1,1.5,0.3,10.1,17.6,0.3,0,0.2,0.019,-1,-2.9,-3.8,-0.3
285,Kevin Knox,knoxke01,PF,19,NYK,75,2158,8.7,0.475,0.398,0.247,2.9,13.6,8.1,6,1,0.9,10.1,22.3,-2.2,0.9,-1.3,-0.03,-3.6,-2.4,-6,-2.2
286,Furkan Korkmaz,korkmfu01,SG,21,PHI,48,679,11.5,0.528,0.588,0.18,2.6,13.8,8.3,10.7,2,0.2,8.6,17.9,0.4,0.7,1.1,0.079,-0.8,-1.5,-2.2,0
287,Luke Kornet,kornelu01,PF,23,NYK,46,784,14.8,0.531,0.682,0.163,3.6,14.6,9,10.5,1.7,4.5,7.6,17.9,0.6,0.7,1.4,0.083,0.1,0.6,0.7,0.5
288,Kyle Korver,korveky01,SG-PF,37,TOT,70,1334,11.2,0.582,0.72,0.151,0.7,12.4,6.6,8.9,0.9,0.7,10.3,18.5,1,1.3,2.3,0.082,0,-1.5,-1.5,0.2
288,Kyle Korver,korveky01,PF,37,CLE,16,251,11.3,0.65,0.711,0.211,0,13.4,6.4,10.1,0.6,0.7,17,17.4,0.2,0,0.2,0.043,-0.3,-3.4,-3.7,-0.1
288,Kyle Korver,korveky01,SG,37,UTA,54,1083,11.2,0.569,0.722,0.14,0.9,12.2,6.7,8.6,1,0.7,8.9,18.7,0.8,1.3,2,0.091,0.1,-1,-1,0.3
289,Kosta Koufos,koufoko01,C,29,SAC,42,502,12.3,0.477,0,0.157,10.4,26.3,18.2,9.5,1.4,3.1,14.2,15.7,0,0.7,0.7,0.063,-4.3,1.8,-2.5,-0.1
290,Rodions Kurucs,kurucro01,SF,20,BRK,63,1294,11,0.545,0.41,0.205,4.6,15.4,10,6,1.5,1.5,13.6,18.4,0.1,1.5,1.6,0.059,-2.6,0.2,-2.4,-0.1
291,Kyle Kuzma,kuzmaky01,PF,23,LAL,70,2314,14,0.546,0.388,0.23,2.7,14.1,8.5,11.5,0.8,0.9,10,23.8,1.2,1.9,3.1,0.065,-0.3,-1.3,-1.7,0.2
292,Skal Labissière,labissk01,PF,22,TOT,22,176,12.6,0.593,0.265,0.347,5.4,20.3,12.8,8.6,1.4,2.8,16.3,16,0.1,0.2,0.3,0.089,-2.4,0.6,-1.8,0
292,Skal Labissière,labissk01,PF,22,SAC,13,113,7,0.517,0.367,0.367,3.6,18.7,10.9,6.8,0.8,2.3,16.7,15.3,-0.1,0.1,0,0.018,-4.7,-0.5,-5.2,-0.1
292,Skal Labissière,labissk01,PF,22,POR,9,63,22.6,0.716,0.105,0.316,8.7,23.2,16.1,11.9,2.3,3.8,15.6,17.2,0.2,0.1,0.3,0.216,1.7,2.4,4.2,0.1
293,Jeremy Lamb,lambje01,SG,26,CHO,79,2250,17.3,0.552,0.337,0.266,3.1,18.1,10.4,11.9,1.9,1.2,6.8,22.5,3.3,2,5.3,0.113,0.6,-0.6,0.1,1.2
294,Zach LaVine,lavinza01,SG,23,CHI,63,2171,18.7,0.574,0.283,0.33,2,12.9,7.4,22.6,1.3,1,14.2,30.5,1.7,1.1,2.8,0.062,1.8,-1.7,0,1.1
295,Jake Layman,laymaja01,SF,24,POR,71,1327,13.5,0.594,0.427,0.167,4.6,12.6,8.7,5.6,1.1,1.8,9.2,15.9,1.9,1.2,3.1,0.111,0.4,-0.6,-0.3,0.6
296,T.J. Leaf,leaftj01,PF,21,IND,58,522,16.9,0.572,0.169,0.169,9.3,17.1,13.3,6.9,0.8,3.2,5.8,17.5,0.9,0.7,1.6,0.148,-1,0,-1,0.1
297,Courtney Lee,leeco01,SG,33,TOT,34,428,10.3,0.492,0.426,0.163,2.2,11.2,6.7,12.8,2.4,0.6,9.2,15.3,0.1,0.4,0.4,0.05,-2.5,-0.2,-2.8,-0.1
297,Courtney Lee,leeco01,SG,33,NYK,12,160,13.7,0.527,0.34,0.298,3.8,14.1,8.8,15.1,2.4,1.1,8.6,15.5,0.2,0.1,0.3,0.087,-1.2,-0.1,-1.3,0
297,Courtney Lee,leeco01,SG,33,DAL,22,268,8.3,0.47,0.476,0.085,1.2,9.5,5.4,11.4,2.4,0.3,9.6,15.1,-0.1,0.3,0.2,0.028,-3.3,-0.3,-3.6,-0.1
298,Damion Lee,leeda03,SG,26,GSW,32,375,11.9,0.578,0.535,0.173,2.4,15.3,9.1,4.5,1.6,0,7.4,16.8,0.3,0.4,0.7,0.09,-1.1,-2.5,-3.6,-0.2
299,Walt Lemon,lemonwa01,PG,26,CHI,6,167,16.3,0.468,0.057,0.126,2.6,15.1,8.8,30.3,3.2,0.5,9.8,26.6,-0.1,0.2,0.1,0.026,-1.5,0.1,-1.4,0
300,Alex Len,lenal01,C,25,ATL,77,1544,17.2,0.575,0.315,0.333,10.5,18.5,14.4,8.6,0.8,3.9,11.5,22.1,2.2,1,3.2,0.1,-0.1,-0.8,-0.9,0.4
301,Kawhi Leonard,leonaka01,SF,27,TOR,60,2040,25.8,0.606,0.267,0.377,4.2,18.6,11.6,16.4,2.5,1,8.4,30.3,6.1,3.4,9.5,0.224,4.3,0.7,5,3.6
302,Meyers Leonard,leoname01,C,26,POR,61,878,15.8,0.675,0.459,0.211,6.1,21.8,14.2,11.8,0.7,0.8,14,14.8,2.1,0.9,3,0.164,1.8,-0.4,1.4,0.8
303,Jon Leuer,leuerjo01,PF,29,DET,41,402,13.2,0.616,0.097,0.274,7.1,19.8,13.2,5.5,1.5,0.8,15.4,16.1,0.4,0.5,0.9,0.11,-2.9,-0.1,-3,-0.1
304,Caris LeVert,leverca01,SF,24,BRK,40,1063,14.9,0.509,0.319,0.255,3.5,11.4,7.5,23.2,1.9,1,11.4,24,0.5,1.2,1.7,0.077,-0.3,0.1,-0.2,0.5
305,Damian Lillard,lillada01,PG,28,POR,80,2838,23.7,0.588,0.419,0.335,2.6,11.1,7,30.6,1.5,1,10.8,29.3,9.7,2.4,12.1,0.205,6.6,-1.1,5.5,5.4
306,Jeremy Lin,linje01,PG,30,TOT,74,1436,13.5,0.558,0.346,0.388,1.6,11.7,6.6,23.4,1.5,0.8,16.4,21.8,1.2,0.9,2.1,0.07,-1.1,-1.8,-2.9,-0.3
306,Jeremy Lin,linje01,PG,30,ATL,51,1003,15.9,0.594,0.342,0.435,1.6,11,6.2,26.7,1.8,0.6,17.6,22.6,1.5,0.4,1.9,0.092,0.1,-2.4,-2.3,-0.1
306,Jeremy Lin,linje01,PG,30,TOR,23,433,8.2,0.464,0.355,0.271,1.5,13.1,7.5,15.7,1,1.1,13,19.8,-0.3,0.5,0.2,0.02,-3.9,-0.6,-4.5,-0.3
307,Shaun Livingston,livinsh01,PG,33,GSW,64,967,11.7,0.555,0.01,0.243,4.9,7.9,6.5,14.8,1.5,2.3,14.1,12,1.2,0.9,2,0.101,-1.9,0.5,-1.5,0.1
308,Zach Lofton,loftoza01,SG,26,DET,1,4,-10,0,1,0,0,0,0,0,12.3,0,50,21.6,-0.1,0,0,-0.447,-17,8.1,-8.9,0
309,Kevon Looney,looneke01,C,22,GSW,80,1481,17.3,0.636,0.029,0.303,14.6,15.4,15,10.9,1.5,3,11.5,12.8,4.2,1.8,6,0.194,1.9,1.8,3.7,2.1
310,Brook Lopez,lopezbr01,C,30,MIL,81,2322,14.6,0.597,0.651,0.169,1.5,15,8.7,5.7,1,6.5,8.9,16.7,2.3,4.3,6.7,0.138,-0.2,2.9,2.7,2.8
311,Robin Lopez,lopezro01,C,30,CHI,74,1606,15.9,0.598,0.058,0.23,9.4,10,9.7,8.8,0.3,4.2,14,18.6,2,0.7,2.7,0.081,-1,-0.1,-1.1,0.4
312,Kevin Love,loveke01,PF,30,CLE,22,598,19.5,0.561,0.519,0.403,5.9,40,22.2,12.8,0.5,0.7,11.2,27.4,1,0.4,1.3,0.106,0.8,-2.4,-1.7,0
313,Kyle Lowry,lowryky01,PG,32,TOR,65,2213,16.5,0.562,0.613,0.263,2.1,12.9,7.6,34.8,2,1.2,18.1,19.6,3.6,3,6.6,0.144,2.5,0.6,3.1,2.8
314,Jordan Loyd,loydjo01,PG,25,TOR,12,55,16.3,0.635,0.444,0.611,2,15.3,8.8,15.1,0,0,8.1,19.4,0.2,0,0.2,0.19,1,-3,-2,0
315,Kalin Lucas,lucaska01,PG,29,DET,1,6,16.6,0.532,1,2,0,56.7,27.3,20.8,0,0,0,13.5,0,0,0,0.238,-1,0.5,-0.6,0
316,Timothé Luwawu-Cabarrot,luwawti01,SF,23,TOT,50,669,8,0.489,0.532,0.188,1.7,14.1,7.8,5.5,1.4,1,8.2,16.6,-0.3,0.5,0.2,0.015,-3.3,-1.7,-5,-0.5
316,Timothé Luwawu-Cabarrot,luwawti01,SF,23,OKC,21,123,3.4,0.383,0.512,0.14,3.3,12.1,7.6,4.2,1.5,0.7,9.9,16.8,-0.2,0.1,-0.1,-0.033,-6.7,-1.8,-8.5,-0.2
316,Timothé Luwawu-Cabarrot,luwawti01,SF,23,CHI,29,546,9,0.515,0.537,0.2,1.4,14.5,7.9,5.8,1.3,1.1,7.8,16.5,0,0.3,0.3,0.026,-2.6,-1.6,-4.2,-0.3
317,Tyler Lydon,lydonty01,PF,22,DEN,25,94,9.3,0.595,0.556,0.167,8,12.7,10.4,8.2,1,0,17.2,10.6,0.1,0.1,0.2,0.086,-1.4,-1.2,-2.5,0
318,Trey Lyles,lylestr01,PF,23,DEN,64,1120,12.7,0.5,0.404,0.234,4.2,19.6,11.9,11.3,1.3,1.8,11.1,23.4,-0.2,1.4,1.2,0.05,-2.6,-0.7,-3.3,-0.4
319,Scott Machado,machasc01,PG,28,LAL,4,19,22.2,0.776,0.167,0.167,0,0,0,23.5,2.4,0,0,14,0.1,0,0.1,0.281,2.4,-6.8,-4.4,0
320,Shelvin Mack,macksh01,PG,28,TOT,57,1246,10.4,0.489,0.323,0.208,1.6,7.9,4.7,22.6,1.9,0.3,13,18.1,-0.2,1.1,0.9,0.034,-2.6,-1.5,-4.1,-0.7
320,Shelvin Mack,macksh01,PG,28,MEM,53,1204,11,0.499,0.329,0.193,1.6,8,4.8,23.3,1.9,0.3,12.8,18,0.1,1,1.1,0.045,-2.2,-1.5,-3.7,-0.5
320,Shelvin Mack,macksh01,PG,28,CHO,4,42,-6.6,0.251,0.143,0.643,0,5.2,2.6,3,2.3,0,18.2,22.5,-0.3,0,-0.3,-0.304,-14.5,-3,-17.5,-0.2
321,Daryl Macon,maconda01,SG,23,DAL,8,90,5.5,0.482,0.407,0.259,2.4,11.8,7.1,11.2,0.5,0,16.6,17.2,-0.1,0,0,-0.022,-5.1,-2.1,-7.2,-0.1
322,J.P. Macura,macurjp01,SG,23,CHO,2,17,5.7,0.333,0.444,0,0,19.4,9.5,18,0,0,0,22.8,0,0,0,-0.11,-6.2,-4.3,-10.5,0
323,Ian Mahinmi,mahinia01,C,32,WAS,34,498,12,0.531,0.154,0.587,10.3,17.7,13.9,6.5,2.4,2.7,13.8,12.9,0.5,0.5,1,0.092,-2.3,1.3,-1,0.1
324,Thon Maker,makerth01,C-PF,21,TOT,64,972,11.3,0.53,0.571,0.313,4.5,17.4,11,6.3,1,4.4,9.8,14.8,0.5,1.5,2,0.099,-2.4,1.7,-0.7,0.3
324,Thon Maker,makerth01,C,21,MIL,35,409,12.9,0.546,0.582,0.276,4.5,18.5,11.9,5.8,1.1,3.7,5.7,16.3,0.4,0.7,1.1,0.132,-1.6,0.7,-0.9,0.1
324,Thon Maker,makerth01,PF,21,DET,29,563,10.2,0.514,0.56,0.351,4.5,16.5,10.3,6.7,1,5,13.4,13.7,0.1,0.8,0.9,0.075,-3,2.5,-0.5,0.2
325,Boban Marjanović,marjabo01,C,30,TOT,58,681,24.2,0.664,0.038,0.504,14,26.9,20.6,12.8,1.1,3.1,15.7,23.3,2.1,0.9,3,0.212,1.4,0.5,1.9,0.7
325,Boban Marjanović,marjabo01,C,30,LAC,36,376,24.9,0.666,0.014,0.679,16,26.5,21.4,9.3,1.4,3.6,16.9,24.6,1.2,0.5,1.7,0.217,1.1,0.3,1.4,0.3
325,Boban Marjanović,marjabo01,C,30,PHI,22,305,23.3,0.663,0.067,0.3,11.4,27.3,19.6,17.1,0.8,2.6,13.9,21.7,0.9,0.4,1.3,0.204,1.7,0.7,2.5,0.3
326,Lauri Markkanen,markkla01,PF,21,CHI,52,1682,17.1,0.553,0.418,0.245,4.7,25.9,15.2,7.2,1.1,1.7,8.8,25.1,1.3,1.5,2.7,0.078,-0.3,-1.6,-1.9,0
327,Jarell Martin,martija01,PF,24,ORL,42,328,9.4,0.528,0.548,0.106,3.5,20.5,11.9,7.8,0.4,2,9.2,15.9,0.1,0.4,0.5,0.073,-3.1,-0.8,-3.9,-0.2
328,Frank Mason,masonfr01,PG,24,SAC,38,435,12.4,0.502,0.379,0.337,1.4,9,5.1,26.3,1.7,0.8,15.6,21.8,0,0.3,0.3,0.033,-2,-2.5,-4.5,-0.3
329,Yante Maten,matenya01,PF,22,MIA,2,13,5.7,0.25,0.25,0,8.2,16.4,12.3,0,3.8,0,0,13.2,0,0,0,-0.026,-8.9,-1.7,-10.6,0
330,Wesley Matthews,matthwe02,SF-SG,32,TOT,69,2091,10.3,0.546,0.577,0.234,1.7,7.1,4.4,11.1,1.3,0.7,10.6,17.8,1.1,1.5,2.7,0.062,-0.3,-1.2,-1.5,0.3
330,Wesley Matthews,matthwe02,SF,32,DAL,44,1312,11.3,0.556,0.561,0.235,1.6,6.6,4.2,11.6,1.2,0.8,10.1,18.9,1,0.8,1.8,0.066,0.1,-1.4,-1.3,0.2
330,Wesley Matthews,matthwe02,SG,32,NYK,2,54,2.9,0.33,0.526,0.263,1.9,4,2.9,12.9,0.9,1.6,8.6,18.4,-0.1,0,-0.1,-0.115,-6.3,-3.4,-9.7,-0.1
330,Wesley Matthews,matthwe02,SG,32,IND,23,725,9.2,0.543,0.619,0.229,1.7,8.1,5,10.1,1.3,0.5,11.8,15.8,0.3,0.7,1,0.067,-0.5,-0.6,-1.2,0.2
331,Luc Mbah a Moute,mbahalu01,PF,32,LAC,4,61,6.7,0.495,0.333,0.278,3.6,8.4,6.1,4.5,0.8,1.3,9,15.4,0,0,0,0.009,-3.3,-2.1,-5.4,-0.1
332,Tahjere McCall,mccalta01,SG,24,BRK,1,8,9.6,0.581,0.333,0.333,0,13.1,6.6,0,0,0,0,18.1,0,0,0,0.055,-3.8,-5.9,-9.8,0
333,Patrick McCaw,mccawpa01,SG,23,TOT,29,397,7.5,0.532,0.444,0.238,2,10.9,6.5,9.2,2.8,0.4,19.6,9.4,0,0.5,0.5,0.065,-2.8,1.6,-1.2,0.1
333,Patrick McCaw,mccawpa01,SG,23,CLE,3,53,-0.7,0.278,0.444,0,0,6.6,3.1,4.9,1.9,0,25,9.9,-0.2,0,-0.2,-0.137,-8.1,-1.2,-9.3,-0.1
333,Patrick McCaw,mccawpa01,SG,23,TOR,26,344,8.7,0.569,0.444,0.278,2.3,11.6,7.1,9.8,2.9,0.5,18.8,9.3,0.2,0.5,0.7,0.096,-2,2.1,0.1,0.2
334,CJ McCollum,mccolcj01,SG,27,POR,70,2375,17,0.553,0.358,0.154,2.9,9.7,6.3,13.8,1.1,0.9,7.4,25.5,4,1.7,5.6,0.114,2.2,-1.9,0.3,1.3
335,T.J. McConnell,mccontj01,PG,26,PHI,76,1470,13.4,0.555,0.1,0.088,2.1,10.2,6.3,24.7,2.5,0.9,17.3,15,1.2,1.7,2.9,0.094,-1.7,0,-1.6,0.1
336,Doug McDermott,mcderdo01,SF,27,IND,77,1340,11.6,0.617,0.488,0.187,1.4,7.5,4.5,7.1,0.7,0.5,8.4,16.3,1.8,1.1,2.9,0.103,0,-2.1,-2.1,0
337,JaVale McGee,mcgeeja01,C,31,LAL,75,1671,21.8,0.634,0.019,0.237,12.3,22.5,17.5,4.8,1.3,7.3,13.2,20.2,3,2.9,5.9,0.171,-0.9,2.8,1.9,1.7
338,Rodney McGruder,mcgruro01,SG,27,MIA,66,1550,9.4,0.51,0.488,0.156,4.1,12.2,8.2,10.3,1.1,0.7,11.5,15.4,0.4,1.6,1.9,0.059,-1.9,-0.1,-2,0
339,Alfonzo McKinnie,mckinal01,SF,26,GSW,72,1003,11.2,0.569,0.429,0.175,9,16.9,13.1,4,0.9,1.3,9.2,13.9,1.2,0.9,2.1,0.1,-0.9,-1.5,-2.5,-0.1
340,Ben McLemore,mclembe01,SG,25,SAC,19,158,10.5,0.541,0.641,0.188,1.9,9.4,5.5,3.4,1.8,1.6,6.7,19.4,0.1,0.1,0.2,0.055,-1.1,-2.6,-3.7,-0.1
341,Jordan McRae,mcraejo01,SG,27,WAS,27,333,14.3,0.55,0.269,0.269,1.9,11.3,6.5,13.2,1.8,1.8,9.4,20.4,0.3,0.2,0.5,0.066,-1.9,-1.8,-3.7,-0.1
342,Jodie Meeks,meeksjo01,SG,31,TOR,8,104,16,0.647,0.462,0.026,1.1,11.1,6.2,11.5,0.5,0.8,4.8,17.1,0.2,0.1,0.3,0.153,1.4,-2.2,-0.8,0
343,Salah Mejri,mejrisa01,C,32,DAL,36,399,16.1,0.559,0.304,0.286,9.7,25.3,17.6,13.2,1.2,5.5,14.3,15.8,0.5,0.6,1.1,0.136,-1.6,3.5,1.9,0.4
344,De'Anthony Melton,meltode01,PG,20,PHO,50,984,9.9,0.466,0.371,0.109,2.8,12.5,7.5,22.3,3.3,1.9,21.8,15,-0.8,0.8,0,0.002,-3.5,1,-2.6,-0.1
345,Chimezie Metu,metuch01,PF,21,SAS,29,145,6.4,0.389,0.034,0.293,6.8,20.1,13.5,12,2,1.2,18.6,24.4,-0.5,0.2,-0.3,-0.099,-9,-0.2,-9.2,-0.3
346,Khris Middleton,middlkh01,SF,27,MIL,77,2393,16.5,0.558,0.413,0.225,2.3,16.5,9.8,20.1,1.6,0.2,12.1,25.1,2.5,3.6,6.1,0.123,0.7,0.1,0.8,1.7
347,C.J. Miles,milescj01,SF,31,TOT,53,856,9,0.504,0.653,0.186,1.7,10.3,6.1,6,1.5,1.5,8.2,18.6,-0.2,0.9,0.7,0.041,-2.1,-1.4,-3.4,-0.3
347,C.J. Miles,milescj01,SF,31,TOR,40,562,8,0.484,0.665,0.214,2.4,10.5,6.5,5.2,1.5,1.5,8.5,18.8,-0.3,0.7,0.4,0.035,-2.4,-1.3,-3.7,-0.2
347,C.J. Miles,milescj01,SF,31,MEM,13,294,10.8,0.544,0.629,0.133,0.4,10.1,5.2,7.4,1.4,1.6,7.5,18.3,0.1,0.3,0.3,0.054,-1.4,-1.5,-2.9,-0.1
348,Darius Miller,milleda01,SF,28,NOP,69,1757,8.4,0.55,0.752,0.147,0.8,6.6,3.8,10.4,1.1,1.1,10.3,13.4,1.1,0.6,1.6,0.045,-0.1,-1.5,-1.7,0.1
349,Malcolm Miller,millema01,SF,25,TOR,10,67,13.7,0.63,0.808,0.154,1.7,6.3,4,2.1,0.7,1.2,3.5,18.5,0.1,0.1,0.2,0.13,1.8,-3.8,-2,0
350,Patty Mills,millspa02,PG,30,SAS,82,1908,13.2,0.572,0.609,0.155,1.4,8.9,5.2,17.6,1.3,0.4,11.6,18.5,2.2,1.2,3.5,0.087,1.5,-2,-0.5,0.7
351,Paul Millsap,millspa01,PF,33,DEN,70,1895,17.9,0.57,0.239,0.374,8.7,20.2,14.4,10.6,2.2,2.5,10.9,19.6,3.2,2.9,6.1,0.155,0.5,1.9,2.4,2.1
352,Shake Milton,miltosh01,SG,22,PHI,20,268,9.3,0.483,0.506,0.08,3.7,10,6.9,9.2,1.4,2.3,6.2,15,0.1,0.3,0.3,0.059,-2.1,-0.6,-2.7,0
353,Nikola Mirotić,mirotni01,PF,27,TOT,46,1245,17.2,0.584,0.587,0.229,5.1,22.6,14,6.2,1.2,2.2,7.4,21.4,2,1.4,3.5,0.133,1.2,-1.2,0,0.6
353,Nikola Mirotić,mirotni01,PF,27,NOP,32,925,17.5,0.591,0.568,0.248,5.2,24.1,14.8,5.3,1.1,2.2,7.6,21.7,1.6,0.9,2.5,0.129,1.3,-1.6,-0.3,0.4
353,Nikola Mirotić,mirotni01,PF,27,MIL,14,320,16.2,0.562,0.644,0.17,4.7,18.3,11.9,8.6,1.5,2.4,7,20.4,0.4,0.6,1,0.147,0.7,0.2,0.9,0.2
354,Donovan Mitchell,mitchdo01,SG,22,UTA,77,2598,17.2,0.537,0.339,0.259,2.5,10.5,6.6,21.2,2,0.9,11.3,31.6,1.3,3.7,5,0.092,0.8,-0.2,0.6,1.7
355,Naz Mitrou-Long,mitrona01,SG,25,UTA,14,84,2.2,0.383,0.55,0.1,1.3,6.3,3.9,23.3,0.6,0.9,27.7,14.7,-0.2,0.1,-0.1,-0.046,-7,-1.9,-8.9,-0.1
356,Malik Monk,monkma01,SG,20,CHO,73,1258,11.8,0.518,0.563,0.174,1.3,10.6,5.9,14.3,1.4,1.3,12,24.6,-0.4,0.7,0.3,0.012,-1.1,-2.7,-3.9,-0.6
357,Greg Monroe,monrogr01,C,28,TOT,43,480,16,0.521,0.026,0.381,15.4,22.9,19.3,8.1,1.4,1.4,12.7,22.6,0.4,0.7,1.1,0.108,-2.9,-0.7,-3.6,-0.2
357,Greg Monroe,monrogr01,C,28,TOR,38,423,13.5,0.487,0.025,0.379,15.7,23.8,19.9,5.4,1.5,1.6,14.2,22.2,-0.1,0.7,0.6,0.071,-4.7,-0.6,-5.3,-0.4
357,Greg Monroe,monrogr01,C,28,BOS,2,5,60.2,0.6,0,0,63.9,0,32,73.4,0,0,0,43.1,0.1,0,0.1,0.534,38.2,6.8,44.9,0.1
357,Greg Monroe,monrogr01,C,28,PHI,3,52,31.7,0.736,0.043,0.478,8.4,17.8,13.2,23.5,0.9,0,3.5,23.2,0.4,0,0.4,0.37,7.7,-2,5.7,0.1
358,E'Twaun Moore,mooreet01,SG,29,NOP,53,1463,11.5,0.567,0.331,0.111,2.5,6.4,4.5,9.5,1.3,0.4,9.6,17.3,1.2,0.5,1.7,0.055,-0.2,-1.9,-2.2,-0.1
359,Eric Moreland,moreler01,PF,27,TOT,5,43,6.7,0.5,0.143,0,10.3,39.6,25.2,11.8,1.1,1.9,41.7,12,-0.1,0.1,0,0.032,-7.4,2.6,-4.8,0
359,Eric Moreland,moreler01,PF,27,PHO,1,5,3.9,,,,0,67.5,33.2,0,0,0,,0,0,0,0,0.077,-14,-3.9,-18,0
359,Eric Moreland,moreler01,PF,27,TOR,4,38,7.1,0.5,0.143,0,11.7,35.9,24.1,13.3,1.3,2.2,41.7,13.6,-0.1,0.1,0,0.026,-6.6,3.5,-3.1,0
360,Jaylen Morris,morrija01,SG,23,MIL,4,29,12.2,0.46,0.3,0.2,0,16.5,8.8,18.1,3.2,0,8.4,17.2,0,0.1,0.1,0.084,-3.8,0.9,-3,0
361,Marcus Morris,morrima03,PF,29,BOS,75,2091,14.2,0.568,0.461,0.205,3.9,19.5,11.7,7.5,1,1.1,9.1,20.9,2.1,2.5,4.5,0.104,-0.4,-1,-1.4,0.3
362,Markieff Morris,morrima02,PF,29,TOT,58,1270,11.7,0.521,0.419,0.19,5,17.5,11.1,8.8,1.3,1.5,9.3,19.1,0.6,1.1,1.6,0.061,-1.7,-1.1,-2.8,-0.3
362,Markieff Morris,morrima02,PF,29,WAS,34,883,12.3,0.543,0.439,0.223,5,16.6,10.7,9.6,1.3,1.9,11.5,19.5,0.4,0.5,0.9,0.051,-1.1,-1,-2,0
362,Markieff Morris,morrima02,PF,29,OKC,24,387,10.4,0.475,0.378,0.122,5.2,19.6,12.1,6.8,1.3,0.4,4.1,18,0.2,0.5,0.7,0.083,-3.1,-1.4,-4.5,-0.2
363,Monte Morris,morrimo01,PG,23,DEN,82,1970,16.2,0.577,0.323,0.115,1.9,8.8,5.3,21.7,1.8,0.2,6.6,17.1,4.4,1.8,6.2,0.151,1.5,-1.3,0.2,1.1
364,Donatas Motiejūnas,motiedo01,PF,28,SAS,3,13,-0.5,0.436,0,0.333,16.9,8.3,12.6,11.9,0,6.5,30.4,33.5,-0.1,0,-0.1,-0.246,-11.2,-0.3,-11.5,0
365,Johnathan Motley,motlejo01,PF,23,LAC,22,156,18.9,0.563,0.041,0.548,12.6,21.7,17.3,11.7,1.5,1.5,15,28.8,0.1,0.2,0.3,0.092,-1.8,-1.4,-3.2,0
366,Emmanuel Mudiay,mudiaem01,PG,22,NYK,59,1607,14.6,0.531,0.284,0.251,2.1,10.9,6.4,24.2,1.3,1,14.6,25.6,0.1,0.7,0.8,0.023,-0.5,-1.9,-2.4,-0.2
367,Jamal Murray,murraja01,PG,21,DEN,75,2447,16,0.538,0.353,0.19,2.9,11.2,7,22.4,1.3,1,11.1,24.9,2.8,2.3,5.1,0.1,1.1,-1,0.1,1.3
368,Džanan Musa,musadz01,SG,19,BRK,9,39,5.8,0.415,0.455,0.091,2.7,10.7,6.7,8.6,2.4,0,14.9,29,-0.2,0,-0.1,-0.152,-7.6,-2.8,-10.4,-0.1
369,Mike Muscala,muscami01,PF,27,TOT,64,1306,10.8,0.564,0.709,0.235,4.7,14.7,9.8,7.7,0.8,2.3,10.8,14.3,1.2,1.2,2.5,0.091,-0.3,-0.3,-0.7,0.4
369,Mike Muscala,muscami01,PF,27,PHI,47,1041,10.4,0.56,0.716,0.277,5.3,14.7,10.2,7.9,0.8,2,12.1,14.3,0.9,1,1.9,0.087,-0.3,-0.4,-0.7,0.4
369,Mike Muscala,muscami01,PF,27,LAL,17,265,12.5,0.578,0.687,0.096,2.4,14.5,8.6,7.1,0.7,3.4,5.5,14.3,0.3,0.3,0.6,0.107,-0.6,0,-0.6,0.1
370,Sviatoslav Mykhailiuk,mykhasv01,SF,21,TOT,42,440,6,0.447,0.636,0.143,2.2,6.2,4.2,10.9,1.5,0.2,12.4,16,-0.4,0.3,-0.1,-0.012,-3.6,-2.1,-5.7,-0.4
370,Sviatoslav Mykhailiuk,mykhasv01,SF,21,LAL,39,420,5.8,0.451,0.644,0.152,2,6.3,4.2,10.1,1.4,0.2,12.4,15.9,-0.4,0.3,-0.1,-0.013,-3.7,-2.1,-5.7,-0.4
370,Sviatoslav Mykhailiuk,mykhasv01,SF,21,DET,3,20,9.8,0.375,0.5,0,5.3,5.7,5.5,28.5,2.5,0,11.1,19.4,0,0,0,0.016,-2.7,-2,-4.7,0
371,Abdel Nader,naderab01,SF,25,OKC,61,694,8.8,0.522,0.465,0.167,2,15.7,8.6,3.8,1.3,1.5,10.1,15.1,0,0.9,0.9,0.062,-4.2,-0.9,-5.1,-0.5
372,Larry Nance,nancela02,C,26,CLE,67,1795,18.6,0.583,0.205,0.28,10,24.9,17.1,17.8,2.8,1.9,15.3,15.5,3.3,1.6,4.9,0.131,1.4,2.6,4,2.7
373,Shabazz Napier,napiesh01,PG,27,BRK,56,983,15.3,0.534,0.524,0.317,1.9,8.7,5.3,22.2,2,1.3,11.7,24,1,1,2,0.098,0.5,-1.1,-0.7,0.3
374,Raul Neto,netora01,PG,26,UTA,37,474,13.5,0.558,0.373,0.205,1.4,12.6,7.1,28.7,1.4,0.7,16.6,19,0.5,0.6,1.1,0.116,-1,-0.6,-1.6,0
375,Georges Niang,niangge01,PF,25,UTA,59,516,13,0.613,0.58,0.133,2.4,15.7,9.1,10.1,0.9,0.9,10.7,17.8,0.7,0.7,1.3,0.123,-0.2,-0.8,-1.1,0.1
376,Joakim Noah,noahjo01,C,33,MEM,42,693,18.6,0.571,0.005,0.512,9.2,29.6,19.3,20.6,1.4,4.2,16.1,20,1,1.2,2.2,0.15,-1.9,3.5,1.6,0.6
377,Nerlens Noel,noelne01,C,24,OKC,77,1055,19.3,0.608,0,0.286,12.1,20,15.9,5.9,2.9,7.7,13.4,13.8,1.9,2.5,4.3,0.198,-1.6,5.5,3.9,1.6
378,Dirk Nowitzki,nowitdi01,PF,40,DAL,51,795,9.6,0.469,0.545,0.133,0.7,20.5,10.6,6.9,0.5,1.9,4.3,22.5,-0.5,0.8,0.3,0.016,-3.8,-2.1,-5.9,-0.8
379,Frank Ntilikina,ntilila01,PG,20,NYK,43,904,6,0.417,0.408,0.106,1.4,8.9,5,19.5,1.6,1.3,15.9,16.6,-1.3,0.4,-0.8,-0.045,-4.5,-1.2,-5.7,-0.8
380,James Nunnally,nunnaja01,SF,28,TOT,15,102,7.3,0.503,0.735,0.118,0,5.3,2.6,9.5,0.5,0,2.7,15.3,0.1,0,0.1,0.035,-1.6,-4.8,-6.4,-0.1
380,James Nunnally,nunnaja01,SF,28,MIN,13,64,12.1,0.593,0.619,0.19,0,6.8,3.3,10.9,0.7,0,4.2,15.6,0.1,0,0.1,0.097,0.3,-4.5,-4.2,0
380,James Nunnally,nunnaja01,SF,28,HOU,2,38,-0.8,0.346,0.923,0,0,3,1.5,7.2,0,0,0,14.8,-0.1,0,-0.1,-0.068,-4.9,-5.3,-10.2,-0.1
381,Jusuf Nurkić,nurkiju01,C,24,POR,72,1974,23.4,0.57,0.035,0.442,13.4,26.7,20.2,17.9,1.7,4.2,14.6,24.7,4.4,3.3,7.8,0.189,1.6,3.6,5.1,3.5
382,David Nwaba,nwabada01,SG,26,CLE,51,984,12.5,0.558,0.286,0.324,4.4,14.4,9.2,8.1,1.8,1.5,8.8,14.6,1.1,0.3,1.4,0.069,-1.1,-0.6,-1.7,0.1
383,Royce O'Neale,onealro01,SF,25,UTA,82,1671,9,0.589,0.513,0.122,1.5,16.7,9.2,10,1.5,1.1,16.2,11,0.7,2.5,3.3,0.094,-2,2.1,0.1,0.9
384,Kyle O'Quinn,oquinky01,C,28,IND,45,371,16.8,0.537,0.088,0.154,8.9,26.4,17.8,22.4,1.2,6,17.6,20.8,0.2,0.8,1,0.125,-2.4,4.1,1.8,0.4
385,Semi Ojeleye,ojelese01,PF,24,BOS,56,594,8.5,0.531,0.563,0.247,4.3,11.2,7.7,5.1,0.8,0.6,9.8,14.1,0.2,0.5,0.7,0.057,-2.5,-1.7,-4.3,-0.3
386,Jahlil Okafor,okafoja01,C,23,NOP,59,935,17.9,0.603,0.014,0.246,9.2,21.4,15.4,6.3,0.7,3.5,11.5,19.9,1.4,0.8,2.2,0.115,-1.7,-0.5,-2.3,-0.1
387,Elie Okobo,okoboel01,PG,21,PHO,53,958,7.6,0.489,0.455,0.162,1.4,10.1,5.7,18.7,1.6,0.6,18.2,17,-0.7,0.2,-0.5,-0.027,-3.7,-2.2,-5.9,-0.9
388,Josh Okogie,okogijo01,SG,20,MIN,74,1757,9.4,0.492,0.423,0.319,2.5,10.9,6.6,6.9,2.4,1.6,9.8,15.4,-0.1,1.4,1.2,0.034,-2,0.4,-1.7,0.1
389,Victor Oladipo,oladivi01,SG,26,IND,36,1147,17.6,0.519,0.367,0.24,2.1,17.1,9.8,25.2,2.6,0.9,11.2,27.9,0.4,1.9,2.3,0.097,1.3,1,2.3,1.3
390,Kelly Olynyk,olynyke01,PF,27,MIA,79,1812,14.4,0.61,0.566,0.328,4.2,17.8,11,11.4,1.4,1.8,15,18,2.3,2.5,4.7,0.126,0.3,0.8,1.1,1.4
391,Cedi Osman,osmande01,SF,23,CLE,76,2444,11.5,0.536,0.443,0.214,2,14.8,8.1,12.1,1.2,0.4,11,18.6,1.2,0.2,1.5,0.029,-0.4,-1.7,-2.1,-0.1
392,Kelly Oubre,oubreke01,SF,23,TOT,69,1935,15.2,0.551,0.401,0.29,4,14.6,9.2,6.8,2.1,2.5,9.8,23.2,0.9,1.3,2.2,0.054,-0.9,-1.2,-2.2,-0.1
392,Kelly Oubre,oubreke01,SF,23,WAS,29,755,13.3,0.545,0.433,0.279,3.4,15.3,9.3,3.8,1.7,2.2,8.1,20.9,0.3,0.5,0.8,0.053,-1.7,-1.9,-3.6,-0.3
392,Kelly Oubre,oubreke01,SF,23,PHO,40,1180,16.4,0.555,0.384,0.296,4.3,14.2,9.2,8.7,2.3,2.8,10.7,24.7,0.5,0.8,1.3,0.054,-0.4,-0.8,-1.2,0.2
393,Zaza Pachulia,pachuza01,C,34,DET,68,878,13.7,0.539,0.021,0.642,11.9,21.5,16.5,14.7,1.7,1.6,18.7,15,1.1,1.3,2.3,0.128,-2.1,2.4,0.2,0.5
394,Jabari Parker,parkeja01,PF,23,TOT,64,1724,15.5,0.56,0.26,0.246,4.9,21.8,13.3,14.1,1.3,1.5,15.4,24.6,0.1,1.3,1.4,0.039,-1.5,-0.5,-2.1,0
394,Jabari Parker,parkeja01,PF,23,CHI,39,1042,14.6,0.543,0.246,0.233,4.2,21.1,12.6,13.2,1.1,1.2,14.1,25,-0.2,0.7,0.5,0.024,-2,-1,-3,-0.3
394,Jabari Parker,parkeja01,PF,23,WAS,25,682,17,0.587,0.284,0.267,5.9,23,14.3,15.4,1.6,2,17.4,24,0.3,0.6,0.9,0.063,-0.8,0.1,-0.7,0.2
395,Tony Parker,parketo01,PG,36,CHO,56,1003,15.3,0.512,0.11,0.268,1.5,7.6,4.5,33.3,1,0.6,12.7,25.5,0.6,0.3,0.9,0.044,-1.5,-3.7,-5.3,-0.8
396,Chandler Parsons,parsoch01,SF,30,MEM,25,496,8.5,0.484,0.516,0.137,0.9,15.2,7.9,13.4,1.9,1,14.2,20.3,-0.6,0.6,0,-0.004,-3.7,-0.6,-4.3,-0.3
397,Patrick Patterson,pattepa01,PF,29,OKC,63,861,8.1,0.493,0.626,0.137,4.9,13,8.8,4.6,0.9,1.3,8.7,12,0.2,0.9,1.1,0.064,-3,-0.6,-3.7,-0.4
398,Justin Patton,pattoju01,C,21,PHI,3,21,10.5,0.317,0.286,0.286,10.4,19.6,15.1,18.7,4.5,0,0,15.7,0,0,0,0.079,-2.3,2.1,-0.2,0
399,Chris Paul,paulch01,PG,33,HOU,58,1857,19.7,0.56,0.493,0.282,2.1,13.9,7.9,39.3,3,0.8,15.8,22.5,4.4,2.2,6.6,0.172,2.9,0.2,3,2.4
400,Cameron Payne,payneca01,PG,24,TOT,40,712,11.5,0.519,0.377,0.184,2,9.2,5.5,21.8,1.9,1.1,15.7,17.6,0.1,0.3,0.5,0.031,-1.9,-1.6,-3.5,-0.3
400,Cameron Payne,payneca01,PG,24,CHI,31,536,10.3,0.492,0.351,0.149,2,8.8,5.4,22.4,1.8,1,16,17.4,-0.1,0.3,0.2,0.014,-2.7,-1.6,-4.3,-0.3
400,Cameron Payne,payneca01,PG,24,CLE,9,176,15.3,0.596,0.455,0.291,1.8,10.6,6,20,2.3,1.5,15.1,18.1,0.2,0.1,0.3,0.082,0.4,-1.5,-1.1,0
401,Elfrid Payton,paytoel01,PG,24,NOP,42,1250,14,0.502,0.255,0.18,4.1,14,9.1,33.5,1.6,1.1,20.1,18.3,0.6,0.9,1.5,0.058,-0.7,-0.1,-0.9,0.4
402,Gary Payton,paytoga02,PG,26,WAS,3,16,36.9,0.688,0.25,0,6.7,6.9,6.8,45.1,8.9,5.3,11.1,23.8,0.1,0,0.1,0.358,9.8,5.2,14.9,0.1
403,Theo Pinson,pinsoth01,SG,23,BRK,18,211,8.1,0.49,0.63,0.301,2,15.9,9,14.1,1.4,0,17.9,20,-0.2,0.2,0,0.004,-3.7,-1,-4.8,-0.1
404,Mason Plumlee,plumlma01,C,28,DEN,82,1731,17.8,0.602,0.023,0.448,10.3,22.5,16.4,19.5,1.9,3.9,19.2,16.2,2.9,2.9,5.8,0.16,-0.1,3.9,3.8,2.6
405,Miles Plumlee,plumlmi01,C,30,ATL,18,173,18.9,0.654,0,0.625,9.5,14.3,11.8,14.7,1.6,2,14,16.7,0.4,0.1,0.5,0.145,0.2,-0.3,-0.1,0.1
406,Jakob Pöltl,poeltja01,C,23,SAS,77,1273,19.4,0.64,0,0.317,15.4,19.7,17.6,10,1.1,4.5,12.7,13.1,3.5,1.6,5.1,0.193,1.5,2.7,4.2,2
407,Quincy Pondexter,pondequ01,SF,30,SAS,53,292,13.2,0.641,0.31,0.724,3,14.1,8.6,10.6,1.8,0.3,14.5,13.5,0.5,0.3,0.8,0.128,-0.8,-0.6,-1.4,0
408,Otto Porter,porteot01,SF,25,TOT,56,1683,15.9,0.569,0.398,0.149,3.4,17,10.1,10.6,2.3,1.6,8.7,19.1,1.8,1.5,3.2,0.093,0.4,0.1,0.5,1
408,Otto Porter,porteot01,SF,25,WAS,41,1191,15,0.551,0.398,0.145,3.6,17.7,10.5,9.6,2.5,1.6,7.8,18.2,1,1.1,2.1,0.085,-0.2,0.3,0.1,0.6
408,Otto Porter,porteot01,SF,25,CHI,15,492,18,0.609,0.398,0.159,3.1,15.4,9.2,13,1.8,1.6,10.4,21.3,0.8,0.4,1.1,0.112,1.7,-0.4,1.3,0.4
409,Bobby Portis,portibo01,PF,23,TOT,50,1299,16.1,0.529,0.304,0.154,9,24.9,16.8,8.8,1.3,1.3,9.9,24.6,0.5,1.1,1.6,0.06,-1.2,-1.7,-2.9,-0.3
409,Bobby Portis,portibo01,PF,23,CHI,22,531,17.2,0.529,0.266,0.185,9.3,23.8,16.5,9.2,1,1.3,9,26.5,0.3,0.4,0.7,0.062,-0.9,-2.2,-3.1,-0.1
409,Bobby Portis,portibo01,PF,23,WAS,28,768,15.3,0.53,0.333,0.132,8.8,25.7,17.1,8.4,1.5,1.3,10.6,23.3,0.2,0.7,0.9,0.058,-1.4,-1.4,-2.8,-0.2
410,Dwight Powell,poweldw01,C,27,DAL,77,1662,20.4,0.682,0.261,0.523,9.1,17.3,13.2,10.7,1.3,2.6,10.1,17.2,5.6,1.9,7.5,0.215,2.8,1.2,4,2.5
411,Norman Powell,powelno01,SG,25,TOR,60,1126,13.3,0.596,0.425,0.188,1.6,11.5,6.7,11.6,1.7,1,13.1,19,1,1.4,2.4,0.102,-0.4,-0.3,-0.7,0.4
412,Alex Poythress,poythal01,PF,25,ATL,21,305,12.2,0.571,0.284,0.358,9.8,16.6,13.1,7.7,0.6,2.8,12.2,14.2,0.4,0.2,0.5,0.086,-1.6,-0.7,-2.2,0
413,Zhou Qi,qizh01,PF,23,HOU,1,1,80.4,1,0,0,0,0,0,0,0,0,0,43.4,0,0,0,1.261,22.1,-12.6,9.5,0
414,Ivan Rabb,rabbiv01,PF,21,MEM,49,721,16.1,0.586,0.071,0.325,10.7,21.5,16,12,1.2,1.8,12.6,17.2,1.2,0.9,2.1,0.137,-1.3,0.7,-0.6,0.2
415,Chasson Randle,randlch01,PG,25,WAS,49,743,9.9,0.555,0.53,0.286,1.4,6.8,4.1,17.5,1.6,0.3,15,16.4,0.4,0.2,0.6,0.041,-1.4,-3,-4.4,-0.4
416,Julius Randle,randlju01,PF,24,NOP,73,2232,21,0.6,0.179,0.447,7.6,21.6,14.7,15.8,1.1,1.6,13.8,27.8,4.2,1.9,6.1,0.131,1.8,-0.4,1.4,1.9
417,J.J. Redick,redicjj01,SG,34,PHI,76,2379,15.1,0.602,0.589,0.248,0.9,7.2,4.1,12.9,0.6,0.6,8.1,21.9,4.6,1.2,5.9,0.118,2.7,-3.3,-0.7,0.8
418,Davon Reed,reedda01,SG,23,IND,10,47,8.1,0.5,0.333,0,4.8,9.2,7.1,8.5,1,0,7.7,12.1,0,0,0.1,0.064,-2.9,-1.3,-4.2,0
419,Cameron Reynolds,reynoca01,SG,23,MIN,19,259,10.4,0.58,0.654,0.115,1.6,11.3,6.4,6.8,1.1,0.7,5.7,14.1,0.3,0.1,0.4,0.078,-0.1,-2.2,-2.3,0
420,Josh Richardson,richajo01,SG,25,MIA,73,2539,14,0.536,0.448,0.225,2.3,8.8,5.5,17.9,1.5,1.2,9.1,20.9,3,2.6,5.6,0.106,1,-0.4,0.6,1.7
421,Malachi Richardson,richama01,SG,23,TOR,22,103,0.9,0.481,0.862,0.172,2.2,11.2,6.8,0,0.5,0,20.4,16.4,-0.2,0.1,-0.1,-0.06,-6.3,-4.5,-10.8,-0.2
422,Austin Rivers,riverau01,SG,26,TOT,76,2028,7.7,0.503,0.572,0.166,1.3,7.5,4.4,11.5,1.1,1,10,14.5,0.4,0.8,1.2,0.028,-2,-1.5,-3.5,-0.7
422,Austin Rivers,riverau01,SG,26,WAS,29,683,6.8,0.49,0.546,0.237,1.6,9.8,5.6,11.2,1.2,1.2,14.4,15.5,-0.4,0.2,-0.2,-0.014,-3,-1.5,-4.6,-0.4
422,Austin Rivers,riverau01,SG,26,HOU,47,1345,8.2,0.511,0.585,0.13,1.2,6.4,3.7,11.7,1.1,0.8,7.4,13.9,0.8,0.6,1.4,0.05,-1.4,-1.5,-2.9,-0.3
423,Devin Robinson,robinde01,SF,23,WAS,7,95,20.6,0.616,0.063,0.438,6.7,16.2,11.4,9.5,2,5.3,5,17.9,0.2,0.1,0.3,0.175,-0.2,1.2,1,0.1
424,Duncan Robinson,robindu01,PF,24,MIA,15,161,7.6,0.514,0.761,0.13,1.3,11.2,6.3,4.4,1.5,0,7.6,14,0,0.2,0.2,0.051,-2.6,-1.6,-4.2,-0.1
425,Glenn Robinson,robingl02,SF,25,DET,47,610,8.7,0.511,0.352,0.227,2.9,10,6.4,5.1,1.1,1.1,8.5,15,0.1,0.6,0.7,0.054,-3.5,-0.8,-4.2,-0.3
426,Jerome Robinson,robinje01,SG,21,LAC,33,320,7.2,0.491,0.518,0.082,1,12.2,6.8,8.3,1.6,0.7,10.2,16.7,-0.2,0.3,0.1,0.012,-2.8,-1.5,-4.3,-0.2
427,Mitchell Robinson,robinmi01,C,20,NYK,66,1360,22,0.692,0,0.464,13.3,19.4,16.3,4.2,1.8,10,9.1,12.1,4,2.2,6.1,0.217,0.5,5.2,5.7,2.7
428,Rajon Rondo,rondora01,PG,32,LAL,46,1369,12.1,0.473,0.329,0.083,2.6,15.5,9.2,35.5,1.9,0.4,22.1,17.4,-0.2,1.5,1.3,0.047,-2,0.5,-1.6,0.1
429,Derrick Rose,rosede01,PG,30,MIN,51,1392,19.5,0.557,0.194,0.212,2.5,8.3,5.4,26.4,1.1,0.7,9.1,27.3,2.6,0.3,3,0.102,2.3,-2.9,-0.6,0.5
430,Terrence Ross,rosste01,SG,27,ORL,81,2150,15.4,0.561,0.551,0.14,1.3,12.8,7,9.9,1.6,1.1,7.6,23.9,1.7,2.6,4.3,0.095,1,-1.3,-0.3,0.9
431,Terry Rozier,roziete01,PG,24,BOS,79,1791,12.9,0.501,0.506,0.14,1.9,16.4,9.1,17.7,1.8,1,8.8,18.6,0.9,2.3,3.2,0.086,-1,0.2,-0.7,0.6
432,Ricky Rubio,rubiori01,PG,28,UTA,68,1899,14,0.52,0.348,0.312,1.9,11.8,6.9,32.1,2.3,0.4,17.8,22.7,0.9,2.8,3.7,0.095,-0.6,0.6,0,0.9
433,D'Angelo Russell,russeda01,PG,22,BRK,81,2448,19.4,0.533,0.419,0.135,2.3,11.2,6.8,41.3,1.9,0.6,13.6,31.9,2.4,2.6,5,0.097,3.9,-0.5,3.4,3.3
434,Domantas Sabonis,sabondo01,C,22,IND,74,1838,21.9,0.63,0.024,0.416,11.5,29.8,20.8,18.2,1.3,1.5,16.2,23.5,4.3,3.3,7.6,0.197,1.5,2.2,3.7,2.6
435,Brandon Sampson,sampsbr01,SG,21,CHI,14,214,8.5,0.567,0.483,0.1,1.5,6.7,4.1,6.8,1.8,1.2,16.1,15.2,-0.1,0.1,0,0.01,-2.8,-1.4,-4.2,-0.1
436,JaKarr Sampson,sampsja02,SF,25,CHI,4,127,22.5,0.633,0.259,0.389,4.2,23.4,13.7,5.3,1.5,2,5.9,23.1,0.3,0.1,0.5,0.173,0.6,-2,-1.5,0
437,Dario Šarić,saricda01,PF,24,TOT,81,2023,13.1,0.563,0.464,0.216,6.6,17.5,12.1,8.8,1.1,0.4,11.3,17.8,2.3,1.2,3.5,0.084,0.3,-1.4,-1.1,0.5
437,Dario Šarić,saricda01,PF,24,PHI,13,396,8.1,0.496,0.53,0.227,5.8,16.9,11.5,8.9,0.5,0.6,14.7,18,-0.1,0.3,0.2,0.023,-2.4,-1.4,-3.9,-0.2
437,Dario Šarić,saricda01,PF,24,MIN,68,1627,14.3,0.579,0.449,0.213,6.8,17.7,12.2,8.8,1.2,0.3,10.5,17.8,2.4,0.9,3.3,0.099,1,-1.4,-0.4,0.7
438,Tomáš Satoranský,satorto01,PG,27,WAS,80,2164,14.1,0.59,0.306,0.302,4,10,7,24.6,1.8,0.5,16.7,14.1,3.8,0.9,4.7,0.104,0.4,-1,-0.6,0.8
439,Dennis Schröder,schrode01,PG,25,OKC,79,2314,12.7,0.508,0.33,0.206,1.6,11.3,6.3,20.4,1.3,0.4,12.5,24.2,0.4,2.4,2.9,0.06,-1.6,-1.5,-3.1,-0.6
440,Mike Scott,scottmi01,PF,30,TOT,79,1395,8.6,0.528,0.6,0.079,3.4,17.2,10.5,6.4,0.9,0.7,9.2,14.4,0.4,1.2,1.6,0.053,-1.5,-1.2,-2.7,-0.2
440,Mike Scott,scottmi01,PF,30,LAC,52,748,9.4,0.521,0.578,0.078,3.5,20.6,12.3,8.1,1.1,0.8,10.2,14.9,0.1,0.7,0.9,0.055,-1.6,-0.7,-2.3,-0.1
440,Mike Scott,scottmi01,PF,30,PHI,27,647,7.7,0.537,0.626,0.079,3.2,13.2,8.3,4.6,0.7,0.6,8,13.8,0.2,0.5,0.7,0.052,-1.4,-1.7,-3.1,-0.2
441,Thabo Sefolosha,sefolth01,SF,34,UTA,50,609,12.1,0.599,0.523,0.148,1.4,20.1,10.9,6.1,3.4,0.7,13.6,12.9,0.2,1.2,1.5,0.115,-2,2.6,0.6,0.4
442,Wayne Selden,seldewa01,SG,24,TOT,75,1439,8.3,0.491,0.36,0.19,2.8,11,6.9,11.3,1.1,0.8,13.1,18.4,-1,0.8,-0.3,-0.009,-3.5,-1.6,-5.1,-1.1
442,Wayne Selden,seldewa01,SG,24,MEM,32,455,8.8,0.495,0.391,0.18,3.9,7,5.4,12.4,1.1,1.2,11.7,19.3,-0.2,0.3,0.1,0.014,-3.2,-2,-5.2,-0.4
442,Wayne Selden,seldewa01,SG,24,CHI,43,984,8.1,0.489,0.345,0.196,2.3,12.8,7.5,10.8,1.1,0.6,13.8,18,-0.8,0.4,-0.4,-0.019,-3.7,-1.4,-5.1,-0.8
443,Collin Sexton,sextoco01,PG,20,CLE,82,2605,12,0.52,0.245,0.211,2.3,8,5,15.3,0.8,0.2,12.3,25.2,-0.1,-0.5,-0.6,-0.011,-1.5,-3.7,-5.2,-2.1
444,Landry Shamet,shamela01,SG,21,TOT,79,1802,11,0.604,0.711,0.167,1.3,6.4,3.9,9,1,0.4,7,15,2.7,0.9,3.6,0.095,1.4,-2.4,-1,0.5
444,Landry Shamet,shamela01,SG,21,PHI,54,1108,10.7,0.606,0.706,0.156,1.4,5.9,3.7,7.4,1,0.6,6.6,15,1.6,0.6,2.2,0.096,1,-2.5,-1.5,0.1
444,Landry Shamet,shamela01,SG,21,LAC,25,694,11.3,0.601,0.719,0.186,1.1,7.3,4.3,11.5,0.9,0.2,7.7,15,1.1,0.3,1.4,0.094,2.1,-2.3,-0.2,0.3
445,Iman Shumpert,shumpim01,SG,28,TOT,62,1481,9.1,0.499,0.612,0.101,1.9,11.4,6.5,9.9,1.9,1.4,9.7,14.5,0.1,1.2,1.4,0.045,-1.5,0.1,-1.4,0.2
445,Iman Shumpert,shumpim01,SG,28,SAC,42,1099,10.1,0.511,0.58,0.118,1.7,10.6,6,10.7,2,1.6,9.4,15.2,0.3,0.9,1.2,0.054,-0.8,0.3,-0.5,0.4
445,Iman Shumpert,shumpim01,SG,28,HOU,20,382,6.3,0.456,0.724,0.041,2.3,13.6,7.8,7.6,1.5,0.9,10.7,12.7,-0.2,0.3,0.2,0.019,-3.4,-0.5,-3.8,-0.2
446,Pascal Siakam,siakapa01,PF,24,TOR,80,2548,18.7,0.628,0.226,0.32,5.4,17.5,11.6,14.6,1.4,1.7,12.5,20.8,5.7,3.6,9.3,0.175,2,1.4,3.4,3.5
447,Jordan Sibert,siberjo01,SG,26,ATL,1,4,29.7,1.5,1,0,0,0,0,0,0,0,0,10.2,0,0,0,0.183,13,-6.7,6.3,0
448,Ben Simmons,simmobe01,PG,22,PHI,79,2700,20,0.582,0.006,0.446,6.9,20,13.7,34.2,2,1.8,19.3,22.1,4.6,3.6,8.2,0.146,1.4,2.6,4.1,4.1
449,Jonathon Simmons,simmojo02,SG-SF,29,TOT,56,1064,8.5,0.466,0.297,0.277,2.7,10,6.3,16.7,1.3,1.2,14.8,18.7,-0.8,1.1,0.3,0.013,-4.1,-0.6,-4.8,-0.7
449,Jonathon Simmons,simmojo02,SG,29,ORL,41,845,7.4,0.445,0.29,0.252,2.9,9.9,6.3,15.7,1,1.4,15,19.3,-1,0.8,-0.2,-0.01,-4.9,-0.6,-5.4,-0.7
449,Jonathon Simmons,simmojo02,SF,29,PHI,15,219,12.9,0.553,0.328,0.391,2,10.3,6.3,20.7,2.4,0.4,13.8,16.7,0.2,0.2,0.5,0.101,-1.1,-1,-2.1,0
450,Kobi Simmons,simmoko01,PG,21,CLE,1,2,0,,,,0,0,0,0,0,0,,0,0,0,0,-0.033,-6.3,-0.9,-7.3,0
451,Anfernee Simons,simonan01,SG,19,POR,20,141,11.1,0.535,0.46,0.254,2.3,7.4,4.9,13.7,0.3,0,13.6,24.3,0,0,0.1,0.02,-1.6,-4.7,-6.3,-0.2
452,Marcus Smart,smartma01,SG,24,BOS,80,2200,13.1,0.568,0.61,0.228,2.8,8.6,5.7,19.1,3.1,1.1,16.5,14.6,2.2,3.1,5.3,0.116,0.6,1.3,1.8,2.1
453,Dennis Smith,smithde03,PG,21,TOT,53,1508,12.3,0.502,0.32,0.24,2.2,8.7,5.5,27.3,2.1,1.1,17.6,24.8,-1.2,1.2,0,0.001,-1.7,-0.9,-2.5,-0.2
453,Dennis Smith,smithde03,PG,21,DAL,32,908,11.5,0.527,0.35,0.23,2.1,9.3,5.7,24.1,2.1,1,20.3,23.3,-0.7,0.9,0.2,0.01,-2.2,-0.3,-2.4,-0.1
453,Dennis Smith,smithde03,PG,21,NYK,21,600,13.5,0.473,0.283,0.253,2.4,7.9,5.1,32.2,2.2,1.3,14.2,27,-0.5,0.3,-0.2,-0.014,-0.9,-1.8,-2.7,-0.1
454,Ish Smith,smithis01,PG,30,DET,56,1251,11.8,0.485,0.276,0.127,1.9,11.1,6.3,25.4,1.1,0.7,10.6,19.9,0.5,1.1,1.7,0.064,-1.7,-1.1,-2.8,-0.2
455,J.R. Smith,smithjr01,SG,33,CLE,11,222,7.8,0.444,0.494,0.127,0,9.4,4.5,13.8,2.5,1.2,11.7,18.6,-0.3,0.1,-0.2,-0.038,-3.5,-1.7,-5.2,-0.2
456,Jason Smith,smithja02,PF-C,32,TOT,20,190,9.8,0.492,0.441,0.271,9,20.2,14.6,9.7,0.7,3.1,16.4,17.5,0,0.2,0.2,0.038,-3.7,-0.6,-4.3,-0.1
456,Jason Smith,smithja02,C,32,WAS,12,130,11.7,0.52,0.27,0.324,9,22.1,15.4,12.3,0.4,3.2,14.2,16.1,0.1,0.1,0.2,0.07,-2.9,-0.3,-3.2,0
456,Jason Smith,smithja02,PF,32,MIL,6,40,6.3,0.468,0.692,0.154,8.1,19.2,14,3.1,2.3,4.2,26.5,19.8,-0.1,0.1,0,-0.02,-6.9,1.2,-5.7,0
456,Jason Smith,smithja02,C,32,NOP,2,20,4.6,0.405,0.778,0.222,10.5,10.2,10.4,6.2,0,0,9.2,22.3,0,0,0,-0.049,-2.6,-5.8,-8.4,0
457,Zhaire Smith,smithzh01,SG,19,PHI,6,111,9.5,0.533,0.471,0.235,2.9,9.3,6.2,12.3,0.9,1.4,13.8,16.4,0,0.1,0.1,0.048,-2.3,-1.7,-4,-0.1
458,Tony Snell,snellto01,SF,27,MIL,74,1304,10.7,0.585,0.565,0.116,2.4,9.4,6.1,6.7,0.9,1.2,5.7,12.9,1.6,1.6,3.2,0.117,-0.7,-0.4,-1,0.3
459,Ray Spalding,spaldra01,PF,21,TOT,14,148,14.6,0.516,0.064,0.255,11.1,25.1,18,5.1,2.9,4.5,14.7,17.8,0,0.2,0.2,0.051,-4.7,1.4,-3.4,-0.1
459,Ray Spalding,spaldra01,PF,21,DAL,1,1,0,,,,0,0,0,0,0,0,,0,0,0,0,0,-6.6,0.5,-6.1,0
459,Ray Spalding,spaldra01,PF,21,PHO,13,147,14.7,0.516,0.064,0.255,11.1,25.3,18.1,5.2,2.9,4.5,14.7,17.9,0,0.2,0.2,0.051,-4.7,1.4,-3.4,-0.1
460,Omari Spellman,spellom01,PF,21,ATL,46,805,12.4,0.516,0.525,0.184,9.2,16.3,12.7,8,1.5,2.7,10.5,14.9,0.6,0.5,1.2,0.07,-1,0,-1,0.2
461,Nik Stauskas,stausni01,SG,25,TOT,68,1015,10.9,0.545,0.556,0.189,1.9,11.7,6.8,11.1,1,0.6,12.2,17.6,0.6,0.5,1.1,0.052,-0.9,-2.2,-3.2,-0.3
461,Nik Stauskas,stausni01,SG,25,POR,44,673,10.8,0.545,0.546,0.157,1.6,10.8,6.3,12.6,1,0.5,14,17.9,0.3,0.4,0.8,0.055,-0.9,-1.9,-2.8,-0.1
461,Nik Stauskas,stausni01,SG,25,CLE,24,342,11.3,0.544,0.578,0.257,2.5,13.2,7.6,8,1,0.8,8.3,16.9,0.3,0,0.3,0.046,-1,-3,-4,-0.2
462,D.J. Stephens,stephdj01,SG,28,MEM,1,7,5.5,0.5,0,0,0,0,0,0,7.1,0,33.3,19.1,0,0,0,-0.119,-9.9,2.3,-7.6,0
463,Lance Stephenson,stephla01,SG,28,LAL,68,1123,11.8,0.529,0.456,0.169,3,16.5,9.9,17.3,1.7,0.5,15.6,20.3,-0.1,1.2,1.1,0.049,-1.7,-0.4,-2.1,0
464,Edmond Sumner,sumneed01,PG,23,IND,23,210,7.6,0.443,0.422,0.375,4.9,7.8,6.3,6.3,2.8,2.1,11.8,17.6,-0.2,0.3,0.1,0.02,-4.1,0.5,-3.6,-0.1
465,Caleb Swanigan,swanica01,PF,21,TOT,21,178,4.7,0.377,0.132,0.17,10.2,27.6,19.1,8,1.6,0.5,24,17.7,-0.5,0.2,-0.2,-0.06,-7.8,0,-7.8,-0.3
465,Caleb Swanigan,swanica01,PF,21,POR,18,145,3.1,0.372,0.114,0.159,9.8,28,19.1,6.2,1.3,0,25.4,18.4,-0.4,0.2,-0.3,-0.086,-8.8,-0.7,-9.5,-0.3
465,Caleb Swanigan,swanica01,PF,21,SAC,3,33,11.7,0.405,0.222,0.222,12.2,25.6,18.7,15.6,2.8,2.6,16.8,14.9,0,0.1,0,0.053,-3.4,3.1,-0.2,0
466,Jayson Tatum,tatumja01,SF,20,BOS,79,2455,15.1,0.547,0.3,0.22,3,17.7,10.4,10,1.6,2.1,9.7,22.1,1.6,3.4,5,0.097,-1.4,0.6,-0.8,0.8
467,Jeff Teague,teaguje01,PG,30,MIN,42,1264,15.4,0.528,0.252,0.368,1.3,7.7,4.5,37.6,1.6,1.2,16.7,19.3,1.7,0.5,2.2,0.085,0,-2.4,-2.4,-0.1
468,Garrett Temple,templga01,SG,32,TOT,75,2040,8.5,0.543,0.535,0.217,1.5,10.2,5.8,7.4,1.8,1.4,11.5,13.2,0.3,2,2.2,0.052,-1.7,0.6,-1.2,0.4
468,Garrett Temple,templga01,SG,32,MEM,49,1530,8.6,0.551,0.543,0.196,1.3,10,5.6,6.7,1.6,1.5,11.4,13.9,0.1,1.5,1.6,0.05,-1.9,0.5,-1.4,0.2
468,Garrett Temple,templga01,SG,32,LAC,26,510,8,0.514,0.509,0.292,2.1,10.9,6.7,9.4,2.4,0.8,11.8,11.2,0.2,0.5,0.6,0.061,-1.3,0.8,-0.4,0.2
469,Miloš Teodosić,teodomi01,PG,31,LAC,15,150,6.5,0.557,0.675,0.175,2.2,8.9,5.7,28.8,0.9,0.5,32.8,18,-0.1,0.1,-0.1,-0.019,-2.9,-3.2,-6.1,-0.2
470,Jared Terrell,terreja01,SG,23,MIN,14,111,0.7,0.372,0.436,0.154,1,4.9,2.9,14.4,1.3,1.5,19.4,19.6,-0.4,0,-0.3,-0.14,-7.5,-2.9,-10.4,-0.2
471,Emanuel Terry,terryem01,PF,22,TOT,3,23,19.7,0.571,0,0.571,14.1,19.6,16.8,12.2,6.2,0,18.6,20.1,0,0,0.1,0.117,-0.7,2.3,1.6,0
471,Emanuel Terry,terryem01,PF,22,PHO,2,20,19.9,0.654,0,0.333,10.9,22.5,16.6,8,7.2,0,22.5,19.1,0,0,0.1,0.127,-1.3,2.9,1.6,0
471,Emanuel Terry,terryem01,PF,22,MIA,1,3,18.4,0.266,0,2,35.4,0,17.7,40.5,0,0,0,26.8,0,0,0,0.045,2.8,-1.3,1.5,0
472,Daniel Theis,theisda01,C,26,BOS,66,908,17,0.624,0.252,0.286,10.2,16.2,13.2,10.5,1.1,4.1,9.9,15.8,2.3,1.3,3.5,0.188,0.8,1.5,2.3,1
473,Isaiah Thomas,thomais02,SG,29,DEN,12,181,7,0.437,0.434,0.273,3,4.8,3.9,18.6,1.4,0.5,14,30.4,-0.4,0.1,-0.3,-0.077,-4.5,-4.2,-8.7,-0.3
474,Khyri Thomas,thomakh01,SG,22,DET,26,195,6.2,0.413,0.507,0.159,2.2,9.3,5.6,6,1.8,2.2,5.1,17.2,-0.2,0.2,0,0.005,-4.7,-0.5,-5.2,-0.2
475,Lance Thomas,thomala01,PF,30,NYK,46,783,6.4,0.482,0.401,0.183,2.7,13.1,7.8,5,1,0.8,10.1,12.9,-0.3,0.3,0.1,0.004,-4.1,-1.2,-5.3,-0.7
476,Klay Thompson,thompkl01,SG,28,GSW,78,2652,16.6,0.571,0.427,0.113,1.6,10.1,6,10.5,1.5,1.5,7.2,25.6,2.9,2.3,5.3,0.095,1.2,-2,-0.8,0.8
477,Tristan Thompson,thomptr01,C,27,CLE,43,1198,18.4,0.551,0,0.279,15.4,25.7,20.3,11.2,1.2,1.2,12.1,17.7,2.1,0.5,2.6,0.105,0.2,0.1,0.3,0.7
478,Sindarius Thornwell,thornsi01,SG,24,LAC,64,313,5.2,0.485,0.306,0.694,1.7,12.8,7.5,7.2,2.1,1.8,23.8,11.3,-0.3,0.3,0,0.004,-5.1,1.1,-4,-0.2
479,Anthony Tolliver,tollian01,PF,33,MIN,65,1079,8.6,0.571,0.83,0.232,1.5,16.2,8.8,5.5,0.8,1.7,11.2,12.5,0.6,0.5,1.2,0.052,-1.2,-1,-2.2,-0.1
480,Karl-Anthony Towns,townska01,C,23,MIN,77,2545,26.3,0.622,0.27,0.342,10.9,29.3,20,17.2,1.3,4.2,13.7,28.9,7.2,3.2,10.4,0.197,4.8,2,6.8,5.7
481,Gary Trent,trentga02,SG,20,POR,15,111,3.6,0.377,0.42,0.14,1,9.4,5.3,6.2,0.4,1.4,7,21.7,-0.3,0.1,-0.2,-0.092,-6.7,-3.6,-10.3,-0.2
482,Allonzo Trier,trieral01,SG,23,NYK,64,1459,12.2,0.564,0.255,0.431,2.2,12.2,7.1,12.9,0.9,0.8,15.8,21.5,0.4,0.5,0.9,0.03,-2.2,-2,-4.2,-0.8
483,P.J. Tucker,tuckepj01,PF,33,HOU,82,2802,9.2,0.547,0.74,0.113,4.7,14.4,9.5,4.6,2.3,1.2,10.3,9.5,2,3,5,0.086,-0.5,1.8,1.3,2.3
484,Evan Turner,turneev01,PG,30,POR,73,1605,11.6,0.504,0.117,0.239,2.5,18.9,10.9,23.6,1,0.9,18.9,15.9,0.5,1.5,2,0.06,-2.5,0.7,-1.8,0.1
485,Myles Turner,turnemy01,C,22,IND,74,2119,18,0.567,0.251,0.258,5.4,22,13.9,8,1.4,8.4,10.3,20,1.9,4.4,6.3,0.144,-1.4,4.7,3.3,2.8
486,Ekpe Udoh,udohek01,C,31,UTA,51,320,20.9,0.698,0,0.417,9.3,20.9,15.2,12.8,1.5,7.7,13.2,13.1,0.9,0.7,1.6,0.238,-0.1,5.7,5.6,0.6
487,Tyler Ulis,ulisty01,PG,23,CHI,1,1,0,,,,0,0,0,0,0,0,,0,0,0,0,-0.015,-6.7,-0.4,-7.1,0
488,Jonas Valančiūnas,valanjo01,C,26,TOT,49,1091,24.4,0.616,0.089,0.344,10.7,31.4,21.1,12,0.8,4.4,12.7,28.5,2.2,1.9,4.2,0.183,0.1,1.2,1.2,0.9
488,Jonas Valančiūnas,valanjo01,C,26,TOR,30,564,24.4,0.639,0.116,0.363,10.6,30.2,20.6,8.5,1.1,3.4,11.5,25.9,1.6,1.1,2.6,0.224,0.5,0.5,0.9,0.4
488,Jonas Valančiūnas,valanjo01,C,26,MEM,19,527,24.4,0.594,0.065,0.326,10.9,32.7,21.6,15.7,0.6,5.4,13.8,31.4,0.7,0.9,1.5,0.14,-0.4,2,1.6,0.5
489,Jarred Vanderbilt,vandeja01,PF,19,DEN,17,69,12.4,0.513,0.053,0.526,10.9,25.2,18,5.9,4.3,1.3,25.5,19.4,-0.1,0.1,0.1,0.037,-6.1,2.1,-4,0
490,Fred VanVleet,vanvlfr01,PG,24,TOR,64,1760,13.7,0.539,0.493,0.192,1.3,8.7,5.1,23.9,1.6,0.9,11.2,17.9,2.4,1.9,4.3,0.117,0.7,-0.7,0,0.9
491,Noah Vonleh,vonleno01,PF,23,NYK,68,1722,13.9,0.561,0.311,0.355,6.7,25.8,16,11.1,1.3,2.5,14.7,14.8,1.5,1.7,3.2,0.09,-1.6,1.6,0,0.9
492,Nikola Vučević,vucevni01,C,28,ORL,80,2510,25.5,0.573,0.171,0.168,9.4,31.9,20.5,21.9,1.6,3,9.9,28,5.4,4.7,10.1,0.193,3,3.4,6.4,5.3
493,Dwyane Wade,wadedw01,SG,37,MIA,72,1885,15.8,0.51,0.272,0.243,3.9,12.2,8,26.5,1.5,1.8,13.5,27.9,0.1,2.3,2.4,0.061,-0.4,0,-0.5,0.7
494,Moritz Wagner,wagnemo01,C,21,LAL,43,446,10.1,0.533,0.45,0.31,4,15.4,9.8,7.4,1.1,2.4,16.7,21.7,-0.3,0.5,0.2,0.02,-4,-1.1,-5.1,-0.3
495,Dion Waiters,waitedi01,SG,27,MIA,44,1138,11.4,0.53,0.605,0.092,0.7,10.2,5.4,16.4,1.2,0.7,11.4,21.1,0.1,1.1,1.2,0.052,-0.3,-1.6,-1.9,0
496,Kemba Walker,walkeke02,PG,28,CHO,82,2863,21.7,0.558,0.434,0.267,1.9,11.9,6.8,29.4,1.7,1,10.1,31.5,5.5,1.9,7.4,0.123,5.1,-1.7,3.3,3.9
497,Lonnie Walker,walkelo01,SG,20,SAS,17,118,10.8,0.446,0.283,0.217,0,15.6,7.9,10.3,2.9,2.2,7.4,20.3,-0.1,0.2,0,0.019,-4.7,0.3,-4.4,-0.1
498,John Wall,walljo01,PG,28,WAS,32,1104,18,0.527,0.306,0.317,1.5,10.1,5.7,39.2,2.1,2.2,16.1,28.8,0.5,0.7,1.2,0.051,1.1,-1.2,-0.2,0.5
499,Tyrone Wallace,wallaty01,PG,24,LAC,62,628,7,0.45,0.088,0.263,3.5,13.2,8.5,9.5,1.6,0.9,12.9,18.7,-0.8,0.5,-0.3,-0.023,-5.5,-0.9,-6.3,-0.7
500,Taurean Waller-Prince,princta02,SF,24,ATL,55,1552,11.9,0.575,0.53,0.195,1.5,12.3,6.7,11.1,1.6,1.1,13.4,19.5,0.8,0.7,1.5,0.047,-0.4,-1.5,-1.9,0
501,Brad Wanamaker,wanambr01,PG,29,BOS,36,343,14.3,0.597,0.371,0.267,0.9,11.8,6.4,22.5,1.7,0.5,13.9,17.1,0.6,0.4,1,0.134,-0.8,-1.4,-2.2,0
502,T.J. Warren,warretj01,SF,25,PHO,43,1360,16.3,0.58,0.295,0.203,2.5,11.8,7.1,7.7,1.8,1.8,7.2,22.7,1.6,0.5,2.1,0.074,0.1,-1.8,-1.7,0.1
503,Julian Washburn,washbju01,SF,27,MEM,18,254,6.5,0.402,0.5,0.083,3.5,14.8,9.1,7.7,2.5,0.7,12.3,10,-0.2,0.3,0.1,0.023,-4.8,1.4,-3.4,-0.1
504,Yuta Watanabe,watanyu01,SF,24,MEM,15,174,3.3,0.352,0.314,0.196,2.5,17.7,10,6.6,1.1,0.5,9.8,15.8,-0.4,0.2,-0.2,-0.065,-8.2,-1.2,-9.3,-0.3
505,Thomas Welsh,welshth01,C,22,DEN,11,36,16.1,0.648,0.538,0.154,0,12.1,6,20.5,0,0,6.7,17.7,0.1,0,0.1,0.162,1.7,-4.3,-2.6,0
506,Russell Westbrook,westbru01,PG,30,OKC,73,2630,21.1,0.501,0.279,0.306,4.1,28.3,15.8,46.5,2.5,1.1,16.3,30.9,1.8,5,6.8,0.124,2.5,3.9,6.5,5.6
507,Derrick White,whitede01,PG,24,SAS,67,1728,14.8,0.555,0.262,0.227,2.2,13.3,7.8,21,1.9,2.3,14,17.7,1.7,1.9,3.6,0.101,-0.2,1.1,0.9,1.3
508,Okaro White,whiteok01,PF,26,WAS,3,6,-4.5,0,1,0,17.8,18.4,18.1,0,0,0,0,14.1,0,0,0,-0.251,-11,-8.2,-19.2,0
509,Hassan Whiteside,whiteha01,C,29,MIA,72,1674,23.5,0.564,0.024,0.357,16.3,35.6,25.9,5.6,1.3,7.3,11,22.6,2.3,4,6.3,0.18,-2.2,3,0.8,1.2
510,Andrew Wiggins,wiggian01,SF,23,MIN,73,2543,12.4,0.493,0.288,0.245,3.5,11.4,7.4,10.9,1.3,1.6,9.3,24.4,-0.6,1.3,0.6,0.012,-1.7,-1.3,-2.9,-0.6
511,Alan Williams,willial03,PF,26,BRK,5,26,32.9,0.61,0.077,0.308,16.2,60.3,38.4,22.3,1.8,0,6.3,25.5,0.1,0.1,0.2,0.312,3.1,2.7,5.8,0.1
512,C.J. Williams,willicj01,SG,28,MIN,15,128,8.8,0.55,0.457,0.029,0.8,5.9,3.3,12.9,2.2,0,12.4,13.3,0.1,0.1,0.1,0.042,-1.8,-2.2,-4,-0.1
513,Johnathan Williams,willijo04,C,23,LAL,24,372,15.1,0.599,0.018,0.436,13.6,13.9,13.7,4.9,1,1.5,10.9,16.4,0.7,0.3,1,0.135,-0.9,-0.8,-1.7,0
514,Kenrich Williams,willike04,SF,24,NOP,46,1079,9.7,0.485,0.559,0.068,5.4,15.5,10.5,9.5,1.9,1.4,11.1,12.3,0.3,0.9,1.2,0.053,-1.2,0.9,-0.3,0.5
515,Lou Williams,willilo02,SG,32,LAC,75,1993,21.2,0.554,0.256,0.426,2.2,9.4,5.9,33,1.3,0.4,11.8,32.4,3.9,1.2,5.1,0.123,3.1,-2.6,0.4,1.2
516,Marvin Williams,willima02,PF,32,CHO,75,2133,12.6,0.548,0.586,0.132,3.8,17.1,10.3,6.1,1.6,2.5,6.4,14.9,1.9,1.9,3.8,0.086,-0.2,0.5,0.3,1.3
517,Robert Williams,williro04,C,21,BOS,32,283,18.8,0.703,0,0.294,10.2,20.4,15.3,3.3,1.5,12.5,14.8,10.3,0.5,0.6,1.2,0.201,-2.4,6.7,4.4,0.5
518,Troy Williams,willitr02,SF,24,SAC,21,312,10.5,0.531,0.449,0.153,3.9,15.9,9.7,4.7,1.5,2.2,7.9,15,0.1,0.3,0.4,0.064,-2.3,-0.3,-2.6,0
519,D.J. Wilson,wilsodj01,PF,22,MIL,48,882,10.3,0.515,0.506,0.187,5.5,19.2,12.8,7.6,0.9,1.9,10.5,14.4,0.3,1.4,1.7,0.093,-2.4,0.9,-1.6,0.1
520,Justise Winslow,winslju01,SF,22,MIA,66,1959,12.8,0.513,0.342,0.183,3.4,15.9,9.6,21.9,1.8,0.9,14.9,20.8,0.2,2.6,2.8,0.067,-1.1,1,-0.1,1
521,Christian Wood,woodch01,PF,23,TOT,21,251,21.9,0.607,0.222,0.479,7.2,26.5,17,4.8,1.3,3.2,10.7,26.1,0.4,0.3,0.8,0.151,-1.5,-1.8,-3.3,-0.1
521,Christian Wood,woodch01,PF,23,MIL,13,62,17.1,0.585,0.2,0.6,7,24.7,16.4,4.6,0,0,8.7,23.4,0.1,0.1,0.2,0.146,-3.4,-4.1,-7.5,-0.1
521,Christian Wood,woodch01,PF,23,NOP,8,189,23.4,0.613,0.228,0.446,7.2,27,17.3,4.9,1.7,4.3,11.3,26.9,0.3,0.3,0.6,0.152,-0.9,-1,-1.9,0
522,Delon Wright,wrighde01,PG,26,TOT,75,1699,15.5,0.523,0.301,0.269,4.4,12.8,8.6,21.6,2.5,1.6,11,18.1,1.9,2.4,4.3,0.121,0,1.5,1.5,1.5
522,Delon Wright,wrighde01,PG,26,TOR,49,897,14.5,0.527,0.307,0.208,4.8,10.1,7.5,16.8,2.5,1.4,10.4,17.1,1,1.3,2.3,0.123,-0.3,1.1,0.8,0.6
522,Delon Wright,wrighde01,PG,26,MEM,26,802,16.6,0.519,0.294,0.336,4,15.9,9.9,26.9,2.6,1.8,11.6,19.2,0.9,1.1,2,0.119,0.3,1.9,2.2,0.8
523,Guerschon Yabusele,yabusgu01,PF,23,BOS,41,251,12.4,0.542,0.364,0.286,9.8,12.8,11.3,8.2,1.5,2.5,14.8,17.5,0.2,0.3,0.5,0.09,-2.1,-0.1,-2.1,0
524,Nick Young,youngni01,SG,33,DEN,4,37,2.3,0.5,0.889,0,0,2.9,1.5,6.8,0,2.4,18.2,12.7,0,0,0,-0.021,-4.4,-2.6,-7,0
525,Thaddeus Young,youngth01,PF,30,IND,81,2489,16.2,0.569,0.174,0.161,8.7,14.4,11.7,12,2.4,1.3,12,18,3,3.9,6.9,0.133,0.8,2.1,2.9,3.1
526,Trae Young,youngtr01,PG,20,ATL,81,2503,17,0.539,0.384,0.33,2.6,10.2,6.3,40.5,1.3,0.5,17.6,28.4,2.5,0.7,3.3,0.062,1.8,-2.8,-1.1,0.6
527,Cody Zeller,zelleco01,C,26,CHO,49,1243,17.2,0.611,0.064,0.409,9.4,19.7,14.5,12.1,1.5,2.9,13.2,16.3,2.6,1.2,3.9,0.15,0.2,1.7,2,1.2
528,Tyler Zeller,zellety01,C,29,TOT,6,93,17.3,0.607,0.033,0.6,12.9,15.7,14.2,6.7,0.5,3.1,9.5,20.1,0.2,0.1,0.3,0.167,-1,-1.2,-2.2,0
528,Tyler Zeller,zellety01,C,29,ATL,2,11,1.5,0,0.5,0,18.7,39.1,28.7,10.6,0,0,0,7.4,0,0,0,-0.013,-6.8,-0.4,-7.2,0
528,Tyler Zeller,zellety01,C,29,MEM,4,82,19.4,0.64,0,0.643,12.1,12.5,12.3,6.2,0.6,3.5,10,21.8,0.2,0.1,0.3,0.191,-0.3,-1.3,-1.5,0
529,Ante Žižić,zizican01,C,22,CLE,59,1082,16.2,0.59,0,0.399,10.6,22.8,16.4,7.7,0.6,1.8,13.6,18.2,1.7,0.3,2,0.087,-1.7,-1.4,-3.1,-0.3
530,Ivica Zubac,zubaciv01,C,21,TOT,59,1040,18.9,0.604,0,0.332,11.9,24.2,18.2,9.1,0.6,4,13.9,20.3,1.9,1.3,3.2,0.148,-1.2,1,-0.3,0.5
530,Ivica Zubac,zubaciv01,C,21,LAL,33,516,19.5,0.633,0,0.342,11,21.2,16.2,7.3,0.4,4.3,12.9,20.5,1.1,0.6,1.8,0.165,-1.3,0.4,-0.9,0.1
530,Ivica Zubac,zubaciv01,C,21,LAC,26,524,18.3,0.574,0,0.323,12.7,27.2,20.2,10.9,0.9,3.6,14.8,20.1,0.7,0.7,1.4,0.132,-1.2,1.5,0.3,0.3